epsilon_s,M_1,M_2,M_3,M_4,M_5,M_6,M_7,M_8,M_9,M_10,M_11,M_12,M_13,M_14,M_15,M_16,M_17,M_18,M_19,M_20,M_21,M_22,M_23,M_24,M_25,M_26,M_27,M_28,M_29,M_30,M_31,M_32,M_33,M_34,M_35,M_36,M_37,M_38,M_39,M_40,M_41,M_42,M_43,M_44,M_45,M_46,M_47,M_48,M_49,M_50,M_51,M_52,M_53,M_54,M_55,M_56,M_57,M_58,M_59,M_60,M_61,M_62,M_63,M_64,M_65,M_66,M_67,M_68,M_69,M_70,M_71,M_72,M_73,M_74,M_75,M_76,M_77,M_78,M_79,M_80,M_81,M_82,M_83,M_84,M_85,M_86,M_87,M_88,M_89,M_90,M_91,M_92,M_93,M_94,M_95,M_96,M_97,M_98,M_99,M_100
M_y,5208.05,3837.29,4189.98,7523.78,4625.98,4712.73,6313.96,5741.34,4335.68,5118.43,4743.78,4824.78,5169.21,4812.82,3580.62,5649.94,5150.74,5082.82,5748.92,5872.67,5190.3,5171.28,4596.69,4405.97,4660.95,5387.99,4184.68,4577.61,4144.75,4883.19,4249.78,4567.92,3786.38,4415.16,4222.18,5439.06,4796.42,5141.83,4356.16,3954.16,4868.54,6036.25,4503.33,5329.57,4168.26,3041.52,5188.2,4833.26,3821.1,4156.19,5073.7,3774.98,4182.67,4362.69,6502.43,4430.65,6136.42,4491.5,3547.72,5896.11,4466.41,4445.8,5217.65,4752.36,5420.74,4368.2,4368.08,4913.11,4819.41,4675.08,3634,6341.49,4627.59,5731.98,4224.39,5159.19,3904.36,5341.88,4504.39,5143.96,5282.22,5279.86,5847.3,4541.55,4099.81,4220.3,5831.46,5491.8,5133.39,5336.92,4707.95,4509.45,5812.99,4567.36,5298.71,3937.24,5299.94,4490.07,5236.58,4969.79
0,0,0,0,0,0,0,0,0,0,0,0,0,0,0,0,0,0,0,0,0,0,0,0,0,0,0,0,0,0,0,0,0,0,0,0,0,0,0,0,0,0,0,0,0,0,0,0,0,0,0,0,0,0,0,0,0,0,0,0,0,0,0,0,0,0,0,0,0,0,0,0,0,0,0,0,0,0,0,0,0,0,0,0,0,0,0,0,0,0,0,0,0,0,0,0,0,0,0,0,0
25,122.64,94.9589,106.099,122.797,113.195,122.817,153.342,139.89,102.196,127.256,115.049,126.588,127.093,116.094,87.3021,146.086,119.036,127.317,148.177,148.316,134.626,132.139,110.289,112.876,105.76,134.863,106.614,116.156,106.847,139.078,112.944,113.155,98.8227,130.196,105.424,120.82,130.899,118.209,132.822,101.679,117.879,146.918,124.373,137.973,111.255,114.719,125.493,124.763,90.5329,103.289,123.529,108.502,120.35,109.067,160.91,120.139,126.712,103.313,101.639,143.782,109.089,108.715,139.557,120.861,140.278,103.952,95.4325,119.561,121.534,116.829,88.7197,121.504,121.753,147.678,106.315,127.689,98.7381,128.202,108.367,138.161,135.801,137.384,152.786,116.438,98.7848,107.943,142.56,135.344,115.428,129.907,124.85,114.628,138.34,124.421,136.003,111.3,120.108,118.253,120.762,126.157
50,245.28,189.917,212.197,245.594,226.39,245.633,306.685,279.78,204.392,254.511,230.098,253.176,254.185,232.187,174.603,292.173,238.071,254.634,296.353,296.631,269.251,264.278,220.577,225.751,211.519,269.726,213.228,232.311,213.693,278.157,225.887,226.309,197.644,260.392,210.848,241.64,261.798,236.417,265.643,203.358,235.757,293.835,248.744,275.945,222.51,229.434,250.985,249.526,181.065,206.576,247.057,217.001,240.699,218.133,321.821,240.277,253.423,206.625,203.276,287.564,218.177,217.429,279.114,241.722,280.556,207.903,190.864,239.12,243.066,233.657,177.438,243.008,243.505,295.355,212.628,255.377,197.475,256.403,216.734,276.321,271.601,274.768,305.572,232.874,197.569,215.885,285.12,270.688,230.856,259.813,249.7,229.254,276.68,248.841,272.006,222.599,240.217,236.504,241.524,252.313
75,367.915,284.873,318.292,368.389,339.581,368.442,460.018,419.662,306.585,381.76,345.144,379.756,381.272,348.277,261.903,438.248,357.104,381.945,444.52,444.938,403.867,396.408,330.861,338.621,317.277,404.583,319.839,348.461,320.535,417.219,338.826,339.46,296.464,390.572,316.269,362.458,392.687,354.623,398.45,305.033,353.633,440.743,373.11,413.909,333.76,344.126,376.474,374.283,271.596,309.862,370.58,325.497,361.04,327.196,482.721,360.409,380.132,309.935,304.91,431.339,327.261,326.141,418.661,362.576,420.824,311.852,286.296,358.676,364.593,350.481,266.156,364.51,365.249,443.021,318.938,383.058,296.21,384.599,325.097,414.471,407.392,412.144,458.346,349.308,296.351,323.824,427.672,406.024,346.281,389.716,374.542,343.878,415.014,373.254,408.001,333.892,360.32,354.751,362.281,378.463
100,490.545,379.817,424.374,491.184,452.762,491.24,613.35,559.543,408.769,509.003,460.179,506.332,508.353,464.358,349.193,584.322,476.128,509.25,592.68,593.24,538.482,528.535,441.135,451.481,423.026,539.431,426.437,464.599,427.365,556.28,451.749,452.599,395.268,520.75,421.677,483.268,523.566,472.821,531.246,406.695,471.498,587.649,497.457,551.864,444.994,458.758,501.952,499.028,362.117,413.135,494.097,433.968,481.357,436.248,643.621,480.526,506.838,413.236,406.522,575.11,436.337,434.842,558.199,483.423,561.091,415.792,381.721,478.22,486.111,467.295,354.862,486.009,486.986,590.685,425.236,510.735,394.932,512.79,433.451,552.615,543.183,549.508,611.118,465.727,395.122,431.749,570.222,541.36,461.699,519.607,499.373,458.486,553.345,497.652,543.988,445.165,480.422,472.983,483.034,504.603
125,613.151,474.752,530.445,613.972,565.924,614.001,766.632,699.378,510.944,636.209,575.199,632.856,635.401,580.417,436.474,730.33,595.137,636.52,740.784,741.497,673.035,660.613,551.392,564.317,528.765,674.243,533.025,580.715,534.174,695.24,564.655,565.724,494.065,650.833,527.078,604.065,654.393,591.005,663.961,508.341,589.349,734.501,621.776,689.775,556.214,573.282,627.415,623.745,452.634,516.402,617.585,542.427,601.635,545.282,804.46,600.613,633.527,516.529,508.121,718.839,545.396,543.535,697.68,604.231,701.298,519.721,477.136,597.749,607.598,584.092,443.56,607.498,608.679,738.28,531.518,638.373,493.643,640.946,541.79,690.696,678.917,686.831,763.816,582.134,493.885,539.66,712.72,676.645,577.104,649.483,624.167,573.084,691.637,622.014,679.937,556.414,600.496,591.193,603.762,630.713
150,735.732,569.631,636.453,736.756,679.038,736.71,919.902,839.205,613.072,763.388,690.17,759.361,762.42,696.438,523.716,876.327,714.107,763.76,888.855,889.725,807.584,792.669,661.598,677.104,634.464,809.015,639.55,696.769,640.927,834.194,677.484,678.787,592.791,780.899,632.414,724.829,785.165,709.151,796.619,609.924,707.153,881.335,746.001,827.638,667.353,687.513,752.824,748.405,543.106,619.608,741.043,650.766,721.8,654.266,965.291,720.625,760.201,619.776,609.616,862.548,654.411,652.173,837.12,725.004,841.496,623.603,572.537,717.216,729.04,700.835,532.212,728.973,730.338,885.858,637.737,765.986,592.297,769.083,650.082,828.747,814.643,824.095,916.505,698.469,592.597,647.507,855.211,811.929,692.475,779.299,748.9,687.608,829.914,746.307,815.842,667.568,720.561,709.327,724.466,756.773
175,858.242,664.482,742.435,859.517,792.107,859.312,1073.02,978.89,715.175,890.454,805.108,885.706,889.342,812.396,610.906,1022.12,833.041,890.897,1036.75,1037.82,941.93,924.576,771.764,789.826,740.146,943.685,746.044,812.774,747.631,972.824,790.283,791.829,691.458,910.683,737.704,845.557,915.789,827.263,929.033,711.476,824.926,1028.02,870.167,965.373,778.458,801.486,878.208,872.99,633.546,722.765,864.416,759.014,841.874,763.206,1125.94,840.566,886.828,723.007,711.044,1006.13,763.388,760.78,976.382,845.662,981.503,727.468,667.891,836.657,850.394,817.542,620.812,850.421,851.863,1033.24,743.928,893.479,690.886,897.108,758.344,966.602,950.197,961.244,1068.96,814.766,691.286,755.329,997.54,947.045,807.814,909.088,873.535,802.09,968.069,870.501,951.636,778.672,840.535,827.415,845.098,882.751
200,980.672,759.191,848.241,982.269,905.021,981.752,1226.09,1118.54,817.156,1017.43,919.891,1011.99,1016.17,928.236,698.04,1167.87,951.849,1017.94,1184.55,1185.82,1076.27,1056.41,881.77,902.396,845.7,1078.23,852.381,928.582,854.155,1111.43,902.839,904.672,790.015,1040.38,842.884,966.185,1046.24,945.256,1061.27,812.827,942.549,1174.62,994.038,1102.96,889.333,914.562,1003.42,997.397,723.905,825.827,987.693,867.061,961.591,871.986,1286.55,960.269,1013.4,826.104,812.257,1149.64,872.225,869.26,1115.52,966.211,1121.48,831.184,763.207,955.902,971.609,934.08,709.345,971.824,973.282,1180.53,849.92,1020.9,789.392,1025.07,866.456,1104.36,1085.71,1098.21,1221.38,930.883,789.837,862.945,1139.83,1082.16,923.047,1038.69,997.98,916.399,1106.18,994.478,1087.29,889.475,960.483,945.263,965.655,1008.57
225,1102.95,853.78,953.931,1104.97,1017.87,1103.98,1378.85,1257.88,919.034,1144.17,1034.63,1137.91,1142.79,1043.96,784.998,1313.18,1070.6,1144.76,1331.97,1333.52,1210.12,1187.91,991.72,1014.85,951.198,1212.55,958.586,1044.32,960.609,1249.29,1015.29,1017.42,888.346,1169.49,947.876,1086.75,1176.38,1063.2,1192.97,914.1,1060.13,1320.94,1117.83,1240.27,1000.06,1027.25,1128.56,1121.67,814.138,928.699,1110.79,974.753,1081.18,980.703,1446.74,1079.86,1139.88,929.125,913.204,1292.86,981.004,977.613,1254.27,1086.51,1261.02,934.83,858.436,1075.07,1092.65,1050.57,797.694,1093.18,1094.41,1327.43,955.837,1148.05,887.667,1152.79,974.531,1241.68,1220.85,1234.94,1373.27,1046.84,888.291,970.47,1281.78,1216.88,1038.23,1168.22,1122.24,1030.54,1244.01,1118.28,1222.72,1000.18,1080.22,1063.05,1086.06,1134.24
250,1225.04,948.178,1059.37,1227.64,1130.34,1225.81,1531.43,1397.12,1020.75,1270.7,1149,1263.69,1269.19,1159.39,871.849,1458.33,1189.05,1271.35,1479.14,1481,1343.97,1319.26,1101.28,1126.93,1056.47,1346.57,1064.57,1159.58,1066.63,1387.07,1127.34,1129.87,986.567,1298.32,1052.75,1207.07,1306.12,1180.85,1324.26,1015,1177.35,1466.98,1240.93,1377.23,1110.47,1137.86,1253.37,1245.51,904.279,1031.48,1233.66,1082.23,1199.91,1089.03,1606.82,1198.88,1266.23,1031.95,1013.88,1435.93,1089.44,1085.8,1392.72,1206.55,1400.5,1038.24,953.533,1193.88,1213.35,1166.65,885.938,1214.42,1215.28,1474.06,1061.38,1275.02,985.81,1280.36,1082.24,1378.79,1355.87,1371.23,1525.04,1162.56,986.548,1077.66,1423.6,1351.6,1153.15,1297.4,1246.04,1144.45,1381.73,1241.55,1357.82,1110.27,1199.9,1180.28,1206.28,1259.52
275,1346.88,1042.22,1164.45,1350.21,1242.73,1347.3,1683.51,1535.8,1122.15,1396.78,1263.24,1388.78,1395.22,1274.65,958.407,1602.72,1307.43,1397.55,1625.6,1627.93,1476.87,1449.96,1210.74,1238.86,1161.56,1480.24,1170.18,1274.72,1172.54,1523.48,1239.03,1241.99,1084.21,1426.17,1157.13,1327.32,1435.32,1298.44,1454.59,1115.63,1294.46,1612.63,1363.79,1513.74,1220.41,1248.09,1377.96,1369.17,994.084,1133.76,1356.23,1188.8,1318.44,1197.27,1766.17,1317.79,1392.42,1134.53,1113.85,1578.45,1197.81,1193.62,1530.46,1326.16,1539.1,1141.42,1048.53,1312.43,1333.77,1282.6,973.829,1335.58,1335.63,1620.06,1166.67,1401.5,1083.52,1407.47,1189.83,1515.07,1490.23,1507.16,1675.88,1277.81,1084.51,1184.54,1564.81,1485.54,1268.03,1426.33,1369.56,1257.87,1518.92,1364.57,1492.53,1220.02,1319.18,1297.3,1326.23,1384.57
300,1468.32,1136.08,1269.25,1472.74,1354.39,1468.01,1835.14,1674.22,1223.4,1522.45,1376.93,1513.6,1520.81,1389.31,1044.64,1746.71,1425.22,1523.29,1771.61,1774.43,1609.77,1580.36,1319.54,1350.03,1266.37,1613.28,1275.56,1389.05,1277.66,1659.66,1350.21,1353.77,1181.57,1553.33,1261.28,1447.06,1563.71,1415.47,1584.15,1215.77,1411.03,1757.57,1485.66,1649.53,1330,1354.48,1502.12,1491.95,1083.73,1235.8,1478.32,1294.94,1435.48,1304.8,1925.22,1435.54,1518.35,1236.88,1213.53,1720.68,1305.53,1301.3,1667.64,1445.24,1677.63,1244.3,1143.25,1430.53,1453.51,1397.95,1061.41,1456.51,1455.48,1765.4,1271.48,1527.63,1180.84,1534.3,1296.91,1650.95,1624.28,1642.19,1826.39,1392.83,1182.26,1291.02,1705.72,1619.47,1382.37,1554.81,1492.15,1371.09,1655.91,1486.54,1626.59,1328.96,1438.34,1413.56,1445.82,1508.84
325,1589.38,1229.15,1373.24,1595.09,1465.84,1588.24,1986.1,1811.81,1323.96,1647.42,1490.25,1637.26,1645.83,1503.76,1130.62,1889.59,1542.83,1648.42,1916.44,1920.03,1741.05,1709.7,1428.04,1461.04,1370.72,1745.8,1380.09,1503.02,1382.49,1793.7,1460.55,1464.79,1278.3,1679.2,1364.78,1566.71,1691.3,1532.33,1712.12,1315.27,1527.25,1902.16,1606.84,1784.63,1438.56,1460.66,1625.7,1614.56,1172.89,1337.31,1599.97,1399.92,1551.99,1412.07,2083.14,1553.02,1644.03,1338.67,1311.86,1861.99,1413.04,1408.17,1803.66,1563.65,1814.65,1346.63,1237.71,1547.96,1572.87,1512.9,1148.66,1577.33,1574.48,1909.94,1375.65,1652.96,1277.75,1660.37,1403.62,1785.44,1757.33,1776.74,1975.48,1506.84,1279.33,1396.75,1845.7,1752.1,1496.58,1682.67,1614.41,1483.26,1792,1608.23,1760.06,1437.05,1556.83,1529.21,1565,1632.83
350,1709.74,1321.95,1476.98,1717.37,1576.31,1707.11,2136.11,1948.84,1424.28,1771.69,1602.88,1760.54,1770.07,1617.16,1215.83,2031.6,1659.65,1772.76,2060.53,2064.92,1872.31,1838.57,1535.68,1570.71,1474.78,1877.21,1484.32,1615.93,1486.28,1927.16,1570.38,1575.49,1374.2,1803.51,1467.62,1685.52,1817.53,1648.43,1838.96,1414.23,1642.82,2045.22,1726.81,1918.5,1546.82,1561.05,1748.83,1735.59,1261.62,1438.09,1720.78,1503.76,1666.54,1518.4,2240.41,1668.95,1769.23,1440.27,1409.57,2002.82,1519.7,1514.75,1938.76,1681.17,1951.62,1448.69,1331.96,1664.92,1691.03,1627.11,1235.13,1697.74,1692.67,2053.07,1479.29,1777.7,1373.71,1785.96,1509.7,1919.35,1889.72,1909.7,2123.84,1620.49,1376.18,1502.08,1985.05,1884.69,1610.07,1810.05,1735.03,1595.05,1927.76,1728.07,1892.4,1544.18,1675.12,1643.93,1683.53,1755.45
375,1829.58,1413.7,1579.3,1839.37,1686.25,1825.35,2285.42,2084.78,1523.68,1894.89,1714.73,1881.97,1893.49,1730.34,1300.68,2172.26,1776,1896.21,2202.83,2208.45,2001.16,1965.77,1642.65,1680.25,1577.94,2007.93,1587.35,1728.05,1589.41,2057.83,1678.59,1684.74,1469.58,1926.64,1569.88,1804.11,1942.62,1764.09,1963.34,1511.92,1757.61,2188.27,1845.38,2051.41,1653.24,1661.3,1870.81,1856.46,1349.89,1538.44,1840.97,1606.51,1779.97,1624.14,2396.21,1784.2,1894.11,1540.78,1505.81,2142.24,1625.85,1620.41,2072.1,1797.71,2086.15,1549.67,1425.55,1780.59,1808.72,1740.46,1321.26,1818.04,1809.59,2195.52,1581.68,1901.22,1469.24,1910.39,1614.99,2051.07,2020.84,2042.08,2270.36,1732.79,1471.94,1605.99,2123.19,2015.33,1723.2,1936.19,1855.31,1705.57,2062.12,1847.68,2023.93,1649.69,1792.35,1757.43,1801.48,1877.77
400,1948.31,1504.77,1681.13,1961.24,1794.97,1941.54,2432.87,2219.61,1622.48,2017.08,1825.81,2003,2015.72,1841.82,1384.58,2311.19,1891.38,2018.47,2344.14,2350.94,2129.88,2092.39,1748.59,1787.73,1680.89,2136.95,1689.67,1838.9,1691.26,2187.15,1786.43,1793.64,1563.29,2046.67,1670.75,1921.61,2065.75,1878.83,2086.46,1609.15,1871.68,2328.42,1962.59,2182.48,1759.12,1754.63,1992.41,1974.99,1437.21,1637.31,1959.87,1707,1890.96,1728.72,2550.72,1897.47,2018.2,1640.97,1600.6,2280.99,1730.95,1725.27,2204.24,1912.94,2220.69,1650.37,1518.77,1895.88,1924.55,1852.98,1406.21,1937.63,1925.37,2335.25,1683.61,2023.9,1563.32,2034.13,1719.6,2182.15,2150.65,2172.04,2415.39,1844.23,1567.22,1709.6,2260.11,2145.82,1835.44,2061.95,1973.06,1815.13,2196.06,1964.42,2153.73,1754.21,1909.33,1869.91,1918.41,1997.93
425,2066.35,1594.77,1781.4,2082.71,1902.71,2056.92,2579.97,2353.33,1720.34,2137.72,1935.5,2121.21,2136.81,1953.14,1467.64,2448.96,2005.88,2139.46,2482.76,2491.45,2255.43,2216.49,1853.35,1895.03,1782.31,2265.05,1790.74,1948.38,1791.95,2313.59,1891.63,1900.58,1656.46,2166.56,1771.18,2038.62,2187.23,1992.74,2205.78,1704.27,1984.38,2468.58,2077.53,2312.21,1862.94,1847.1,2112.03,2093.25,1524.22,1735.67,2077.93,1806.7,2000.29,1832.24,2703.66,2009.61,2141.89,1739.93,1693.99,2417.63,1835.1,1829.26,2333.73,2026.75,2351.83,1749.5,1611.44,2008.99,2039.8,1964.01,1490.45,2057.14,2039.26,2474.97,1783.46,2144.79,1656.52,2156.17,1822.83,2309.89,2279.21,2301.28,2558.54,1954.28,1661.3,1810.96,2395.77,2273.69,1946.95,2185.58,2090.46,1923.42,2327.89,2081.04,2282.45,1856.17,2024.72,1980.36,2034.55,2117.83
450,2182.81,1683.44,1880.57,2204.01,2009.03,2169.56,2723.74,2484.98,1816.98,2257.11,2044.42,2239.34,2256.32,2062,1549.93,2583.5,2119.27,2258.92,2620.45,2630.73,2380.49,2340.16,1956.93,1999.63,1883.38,2390.83,1890.4,2056.39,1891.12,2437.13,1996.47,2006.78,1747.51,2280.63,1869.39,2154.3,2306.37,2105.57,2324.48,1799.11,2096.38,2605.48,2190.97,2439.59,1965.59,1933.73,2231.31,2208.47,1609.57,1832.25,2194.21,1902.79,2106.52,1934.4,2854.18,2119.27,2264.39,1838.09,1784.94,2553.59,1938.04,1931.7,2462.06,2138.94,2482.8,1848.09,1703.16,2121.73,2152.49,2074.18,1573.61,2175.55,2151.88,2609.93,1883.02,2264.72,1748.41,2277.42,1925.39,2437.39,2405.29,2427.25,2698.81,2062.66,1754.36,1911.85,2529.16,2401.13,2057.44,2308.82,2204.41,2029.88,2459.35,2193.7,2408.84,1957.14,2139.89,2089.76,2149.28,2234.65
475,2298.36,1771.12,1978.12,2324.73,2113.86,2281.05,2867.51,2615.94,1912.79,2374.25,2151.22,2353.22,2374.2,2170.74,1630.57,2717.91,2231.26,2376.54,2754.12,2767.11,2502.02,2460.07,2058.77,2104.01,1982.74,2515.32,1988.88,2162.43,1988.65,2559.04,2098.01,2110.82,1837.51,2394.71,1966.89,2269.14,2423.02,2217.07,2437.2,1890.89,2206.26,2741.46,2301.36,2565.01,2066.01,2016.91,2347.96,2323.39,1694.43,1927.75,2309.34,1998.44,2211,2034.98,3003.62,2227.49,2386.4,1934.98,1874.64,2686.44,2039.52,2033.45,2586.39,2249.06,2609.79,1944.95,1794.37,2231.65,2264.41,2182.12,1655.29,2293.88,2261.71,2744.81,1979.53,2382.02,1838.52,2396.17,2025.87,2559.82,2530.8,2552.22,2838.05,2169.74,1846.25,2010.17,2661.83,2525.52,2166.75,2429.33,2317.91,2135.23,2587.71,2306.25,2533.71,2054.67,2252.72,2196.29,2262.92,2351.22
500,2411.92,1856.73,2073.91,2445.21,2217.01,2389.46,3006.97,2743.28,2006.61,2490.23,2257.29,2467.09,2490.34,2276.26,1710.73,2846.58,2341.98,2492.54,2887.59,2902.49,2622.17,2579.98,2159.26,2204.87,2081.32,2637.11,2085.14,2266.74,2084.35,2675.1,2199.04,2213.59,1925.43,2503.84,2062.16,2382.38,2537.58,2327.36,2549.92,1982.55,2315.51,2874.75,2409.97,2687.97,2164.66,2098.91,2464.01,2434.32,1777.62,2021.57,2422.33,2089.4,2311.27,2133.98,3148.74,2332.52,2506.79,2030.48,1961.03,2818.96,2139.61,2132.73,2710.41,2357.61,2735.93,2040.78,1884.35,2340.98,2373.24,2289.21,1736.17,2410.74,2370.64,2875.28,2075.87,2498.62,1927.62,2514.35,2125.72,2682.25,2651.9,2673.4,2972.01,2274.23,1936.44,2107.64,2790.46,2648.81,2274.89,2549.15,2427.29,2237.77,2716.07,2414.06,2655.96,2151.12,2365.56,2301.7,2374.82,2463.92
525,2524.2,1941.46,2168.05,2564.9,2318.31,2495.98,3145.76,2870.62,2099.79,2602.84,2360.51,2576.36,2604.05,2381.64,1788.38,2975.26,2450.8,2605.81,3014.96,3033.53,2739.32,2694.81,2257.54,2305.73,2178.04,2756.96,2180.34,2368.69,2178.15,2791.17,2296.17,2313.99,2011.6,2610.33,2156.04,2494.46,2648.16,2435.83,2656.13,2070.37,2421.86,3005.14,2515.18,2807.86,2260.85,2171.95,2577.07,2545.25,1859.78,2113.51,2533.63,2180.18,2410.72,2231.02,3293.87,2436.29,2626.56,2124.72,2046.22,2946.89,2237.82,2231.64,2828.23,2463,2858.31,2134.75,1973.32,2447.03,2480.84,2393.36,1814.66,2527.45,2475.28,3003.75,2168.47,2611.28,2013.94,2628.83,2222.78,2799.1,2773.01,2792.93,3105.97,2377.57,2025.51,2202.16,2919.08,2769.24,2381.39,2665.86,2535.8,2339.42,2839.94,2521.43,2775.86,2243.7,2475.08,2403.63,2485.18,2576.17
550,2634.33,2023.45,2259.87,2684.31,2417.48,2599.87,3281.03,2993,2190.17,2715.05,2462.96,2684.74,2716.36,2483.25,1865.46,3098.99,2558.14,2717.95,3142.33,3164.58,2853.26,2809.35,2354.16,2402.07,2273.58,2874.28,2272.58,2468.42,2269.55,2900.14,2392.93,2412.72,2095.76,2715.82,2247.72,2604.58,2758.12,2542.89,2760.83,2158.2,2527.61,3134.93,2617.93,2926.11,2354.97,2244.98,2689.25,2650.98,1940.31,2203.97,2642.85,2265.53,2503.98,2326.06,3432.67,2535.68,2744.29,2216.98,2127.67,3074.82,2334.31,2327.08,2946.05,2567.66,2978.33,2227.25,2061.43,2552.34,2585.38,2496.57,1892.73,2642.33,2579.92,3130.02,2261.07,2723.94,2099.63,2743.31,2319.21,2914.86,2889.03,2908.94,3233.42,2477.49,2112.25,2295.7,3042.44,2887.21,2486.54,2781.56,2640.26,2437.36,2963.78,2624.06,2893.55,2334.67,2584.57,2504.12,2593.75,2684.23
575,2742.47,2104.64,2349.88,2802.65,2514.84,2700.38,3413.46,3114.81,2280.12,2822.12,2562.07,2789.52,2824.92,2584.41,1940.05,3220.35,2663.27,2825.85,3263.86,3289.14,2966.26,2919.43,2448.46,2498.31,2367.06,2988.39,2363.8,2565.96,2359.35,3007.24,2484.82,2508.73,2177.66,2813.33,2337.46,2713.37,2861.46,2647.78,2862.28,2241.59,2629.88,3258.31,2717.92,3039.32,2446.15,2315.39,2797.94,2756.62,2019.27,2291.81,2749.39,2350.89,2597.24,2419.19,3570.93,2634.99,2861.17,2307.97,2207.61,3197.48,2428.81,2422.33,3058.06,2667.29,3096.19,2317.69,2147.62,2653.74,2687.7,2596.42,1967.54,2757.01,2678.8,3250.56,2349.06,2831.21,2181.63,2852.78,2412.35,3026.65,3003.85,3021.84,3359.53,2576.31,2197.9,2385.66,3165.01,3003.61,2589.71,2893.66,2742.72,2534.54,3083.16,2725.18,3007.37,2422.33,2690.58,2601.15,2699.98,2791.17
600,2848.87,2182.67,2437.42,2920.7,2609.25,2800,3544.88,3233.08,2366.58,2929.18,2660.17,2891.29,2933.35,2681.83,2013.68,3340.07,2766.48,2933.74,3383.64,3413.65,3072.83,3027.49,2540.44,2590.21,2459.11,3101.22,2451.65,2660.27,2445.67,3112.7,2576.71,2603.11,2257.42,2910.84,2424.92,2819.67,2964.8,2750.88,2957.87,2324.81,2731.39,3381.68,2813.88,3152.52,2535.64,2378.14,2905.81,2857.36,2096.64,2378.29,2854.68,2430.58,2684.41,2509.5,3704.8,2727.85,2975.78,2396.53,2284.3,3319.35,2520.97,2513.59,3168.15,2766.92,3208.87,2406.48,2233.13,2754.72,2787.94,2694.95,2042.16,2869.4,2777.2,3371.1,2437.04,2938.21,2263.33,2961.99,2504.65,3134.53,3115.89,3132.95,3482.43,2671.3,2280.8,2475.08,3284.11,3115.13,2691.18,3004.81,2842.48,2627.51,3201.42,2822.96,3120.58,2507.01,2795.86,2695.86,2804.95,2894.49
625,2952.06,2259.72,2522.64,3037.33,2702.61,2893.6,3669.64,3348.18,2452.72,3031.22,2754.94,2992.3,3035.83,2777.97,2084.76,3452.82,2867.6,3035.72,3500.28,3532.97,3179.39,3133.36,2630.7,2681.01,2548.73,3208.61,2538.24,2753.53,2531.63,3209.74,2663.22,2694.01,2334.97,3005,2510.26,2924.83,3062.71,2851.88,3053.45,2403.84,2829.27,3500.46,2909.24,3258.65,2621.11,2440.9,3009.36,2956.81,2172.09,2461.72,2955.59,2509.68,2769.85,2598.7,3834.82,2820.71,3089.09,2483.67,2358.38,3437.22,2611.61,2604.85,3275.67,2861.27,3321.55,2492.76,2316.39,2850.72,2884.08,2790.33,2113.11,2981.65,2871.81,3485.1,2520.5,3041.02,2340.75,3067.09,2593.66,3242.41,3223.23,3238.22,3599.33,2764.87,2362.43,2559.81,3399.39,3226.65,2790.67,3111.51,2937.98,2719.51,3316.37,2916.92,3227.33,2590.4,2898.24,2788.22,2906.23,2995.19
650,3054.78,2333.79,2605.97,3153.75,2791.57,2987.2,3794.39,3463.11,2535.05,3131.79,2847.95,3086.55,3138.31,2871.33,2154.78,3565.58,2965.98,3137.32,3611.41,3649.85,3280.88,3233.96,2717.36,2768.82,2637.08,3316.01,2621.67,2841.7,2612.21,3306.79,2749.18,2784.11,2409.84,3092.6,2592.94,3026.6,3157.9,2950.32,3142.51,2481.81,2925.81,3615.51,2997.71,3364.15,2706.34,2503.65,3112.83,3053.03,2245.82,2543.67,3056.49,2584.69,2853.41,2683.61,3964.84,2908.9,3200.27,2568.33,2431.06,3551.98,2698.77,2691.4,3377.06,2954.26,3427.36,2577.72,2398.57,2946.73,2980.22,2883.48,2184.07,3091,2963.09,3596.42,2603.2,3141.39,2417.93,3170.09,2681.16,3341.46,3330.57,3343.49,3716.24,2854.98,2441.39,2644.55,3514.67,3332.07,2887.8,3218.03,3033.48,2807.58,3428.03,3010.86,3334.08,2668.19,2998.49,2876.43,3007.5,3094.25
675,3152.24,2406.2,2685.85,3268.25,2880.52,3075.9,3914.22,3570.47,2616.82,3230,2938.54,3180.81,3236.42,2961.71,2221.93,3673.4,3063.13,3235.17,3722.54,3764.87,3379.12,3334.55,2803.93,2853.48,2722.28,3417.36,2703.07,2929.87,2692.8,3401.05,2831.3,2869.32,2483.34,3180.19,2674,3128.06,3252.74,3047.39,3228.31,2556.99,3019.38,3730.57,3086.19,3466.09,2785.57,2557.38,3210.58,3145.53,2317.67,2622.75,3151.73,2657.13,2930.56,2768.52,4085.52,2994.56,3309.3,2651.07,2498.88,3665.82,2785.8,2777.95,3478.45,3045.07,3531.7,2659.29,2478.85,3037.45,3069.81,2974.66,2250.9,3200.35,3054.38,3707.74,2682.54,3240.58,2490.9,3271.44,2766.2,3440.51,3431.44,3442.26,3826.28,2942.7,2518.47,2724.29,3622.23,3436.14,2983.53,3318.65,3121.78,2893.81,3539.18,3097.01,3435.64,2745.98,3097.49,2964.63,3103.26,3187.95
700,3249.71,2476.67,2765.45,3382.74,2964.21,3161.91,4030.19,3677.84,2695.11,3323.32,3025.87,3271.28,3332.05,3051.63,2288.46,3776.58,3156.03,3329.7,3826.41,3873.25,3477.36,3429.25,2884.71,2938.08,2807,3517.23,2782.48,3012.82,2769.34,3487.47,2910.81,2954.53,2552.9,3265.22,2751.45,3224.65,3339.19,3140.54,3314.11,2629.24,3110.32,3837.83,3170.26,3563.14,2864.8,2610.37,3308.34,3238.03,2387.33,2699.7,3246.22,2728.81,3007.72,2848.27,4206.13,3079.56,3416.95,2731.91,2566.7,3772.59,2867.39,2860.07,3573.97,3130.74,3634.63,2740.62,2557.4,3127.43,3159.04,3061.79,2317.66,3306.29,3138.25,3809.66,2759.44,3333.59,2563.13,3367.45,2848.32,3537,3530.35,3539.15,3933,3028.47,2593.71,2803.25,3729.18,3538.41,3075.68,3419.27,3209.63,2977.49,3643.4,3183.15,3534.51,2819.14,3191.96,3046.12,3198.83,3281.65
725,3342.87,2544.04,2839.57,3494.7,3047.13,3247.93,4146.15,3782.34,2772.05,3416.64,3112.87,3357.39,3427.05,3135.68,2351.37,3879.76,3248.93,3424.23,3928.13,3981.62,3567.75,3521.67,2965.49,3016.12,2887.3,3615.2,2858.25,3094.31,2843.71,3573.88,2989.67,3034.73,2622.46,3342.52,2828.71,3321.25,3425.64,3233.7,3393.24,2701.49,3200.05,3943.56,3250.83,3660.18,2940.07,2663.36,3401.37,3323.35,2455.79,2774.83,3338.01,2794.4,3081.52,2927.23,4324.15,3157.61,3521.05,2809.79,2630.17,3879.37,2948.97,2941.4,3666.04,3216.42,3729.92,2817.03,2634.35,3213.96,3245.5,3148.93,2380.82,3412.05,3221.8,3910.85,2835.55,3426.6,2632.16,3463.47,2929.95,3626.65,3629.26,3635.11,4039.72,3109.89,2665.82,2879.36,3834.48,3634.28,3167.84,3514.86,3295.23,3057.51,3747.62,3266.74,3633.07,2889.71,3286.42,3127.32,3290.95,3369.98
750,3433.97,2611.42,2913.69,3606.62,3127.6,3326.43,4254.49,3881.19,2846.74,3504.62,3194.06,3443.5,3515.25,3219.73,2414.28,3976.96,3336.52,3511.62,4029.85,4084.87,3657.05,3614.1,3042.9,3094.16,2967.6,3706.98,2934.03,3174.41,2917.84,3660.26,3062.42,3113.8,2687.08,3419.83,2900.59,3413.53,3510.77,3321.37,3469.09,2767.74,3284.91,4049.29,3331.4,3750.94,3012.74,2716.35,3492.79,3408.37,2521.07,2846.46,3425.52,2860,3150.29,3003.97,4434.52,3235.66,3625.14,2887.26,2691.58,3981.99,3027.05,3019.6,3758.1,3297.57,3825.22,2893.43,2709.12,3297.46,3327.35,3230.2,2443.07,3514.55,3304.2,4012.03,2906.3,3515.73,2699.14,3554.7,3006.26,3716.3,3719.67,3723.19,4138.47,3191.31,2737.93,2952.19,3932.38,3730.15,3254.57,3608.86,3375.04,3137.53,3848.11,3344.74,3723.55,2960.29,3376.35,3205.96,3380.19,3456.15
775,3524.37,2673.74,2984.43,3716.04,3204.09,3404.5,4360.85,3980.04,2918.51,3590.19,3275.24,3524.73,3603.46,3300.52,2473.26,4070.02,3423.43,3598.54,4122.36,4184.16,3746.36,3698.61,3117.42,3169.98,3043.82,3798.76,3004.31,3248.93,2985.73,3736.05,3135.18,3190.87,2751.11,3497.13,2972.48,3504.41,3588.27,3408.71,3544.94,2833.97,3369.76,4146.26,3405.65,3839.1,3085.4,2760.72,3582.05,3491.56,2586.35,2918.09,3513.02,2923.24,3219.05,3076.64,4544.89,3311.58,3723.96,2959.91,2752.99,4080.18,3102.65,3095.36,3843.56,3375.52,3918.32,2966.23,2782.46,3380.93,3409.19,3310.9,2503.17,3616.18,3379.69,4104.06,2977.05,3600.88,2765.09,3643.17,3082.58,3803.48,3809.54,3811.26,4234.47,3267.13,2804.8,3025.02,4030.28,3822.58,3341.24,3700.54,3454.86,3211.32,3944.27,3422.73,3814.03,3024.79,3464.42,3279.9,3469.43,3542.32
800,3608.67,2735.86,3052.56,3824.94,3280.58,3482.58,4467.22,4075.14,2990.27,3675.75,3353.2,3602.4,3689.22,3377.87,2531.72,4163.08,3507.88,3684.5,4214.3,4283.45,3827.65,3782.47,3191.94,3241.13,3118.85,3886.85,3074.2,3323.45,3053.63,3811.84,3205.42,3263.56,2813.29,3566.86,3041.04,3593.44,3665.77,3493.12,3618.08,2898.5,3450.13,4242.05,3478.2,3927.26,3151.74,2804.9,3666.78,3568.86,2647.28,2984.51,3595.46,2982.05,3285.96,3149.3,4652.49,3381.89,3822.54,3032.57,2808.86,4178.38,3178.25,3170.51,3926.09,3453.48,4004.25,3037.15,2853.51,3457.68,3486.69,3389.56,2560.76,3715.32,3455.19,4194.68,3044.87,3686.03,2826.67,3731.63,3155.67,3883.58,3899.4,3897.86,4330.47,3341.97,2871.64,3092.41,4126.44,3909.8,3424.66,3787.56,3531.82,3284.87,4040.43,3497.9,3903.02,3088.09,3552.34,3353.83,3552.25,3620.91
825,3692.96,2796.2,3120.69,3931.71,3352.57,3552.87,4565.76,4165.03,3056.75,3754.83,3427.97,3680.06,3769.69,3455.21,2588.15,4252.57,3588.45,3763.55,4306.23,4376.52,3907.79,3866.34,3260.97,3312.27,3192.29,3970.28,3142.25,3395.31,3120.37,3887.63,3271.33,3336.25,2871.72,3634.05,3107.19,3678.19,3743.27,3574.28,3684.28,2958.62,3528.58,4337.83,3550.75,4008.96,3217.73,2849.09,3751.5,3646.15,2707.94,3050.61,3675.62,3040.85,3346.56,3217.96,4752.22,3452.2,3918.1,3101.96,2863.91,4271.03,3247.9,3240.49,4008.61,3526.69,4090.18,3107.6,2922.99,3534.43,3560.92,3463.58,2618.34,3812.32,3530.46,4285.3,3109.33,3766.5,2888.26,3813.74,3225.93,3963.67,3981.6,3977.01,4421.24,3415.63,2936.12,3158.93,4214.92,3997.02,3505.46,3874.58,3603.51,3356.42,4131.23,3567.71,3984.89,3151.38,3633.6,3424.21,3634.72,3699.28
850,3774.98,2852.97,3183.59,4037.13,3422.45,3622.92,4662.1,4254.92,3123.13,3832.42,3502.74,3754.56,3850.16,3527.93,2642.06,4335.41,3669.01,3842.6,4390.25,4466.47,3987.93,3942.95,3329.05,3380.83,3261.81,4053.7,3206.13,3462.78,3181.73,3960.49,3337.25,3405.12,2930.15,3701.25,3173.35,3762.94,3812.66,3655.44,3750.48,3018.74,3607.02,4427.34,3617.69,4088.14,3283.57,2893.28,3831.36,3721.58,2766.57,3114.8,3755.78,3097.93,3407.17,3284.18,4851.95,3521.33,4010.67,3169.18,2918.97,4360.33,3317.29,3310.48,4087.24,3596.83,4176.11,3172.86,2990.56,3609.44,3635.15,3537.6,2671.5,3908.41,3597.91,4371.19,3173.78,3843.58,2946.79,3894.36,3296.19,4043.77,4062.2,4056.16,4506.48,3483.85,2997.55,3225.37,4303.4,4081.65,3586.25,3956.51,3675.2,3423.46,4218.99,3637.53,4066.77,3209.69,3714.87,3490.86,3716.21,3777.65
875,3852.23,2909.73,3245.67,4141.31,3492.32,3692.98,4758.43,4342.89,3187.69,3910.01,3572.73,3823.82,3928.45,3598.41,2695.97,4418.24,3745.07,3921.45,4472.4,4556.42,4063.3,4018.18,3397.12,3445.04,3331.34,4134.04,3270.02,3530.24,3243.09,4026.13,3400.77,3471.36,2985.72,3768.44,3234.24,3843.41,3881.36,3731.39,3816.69,3077.16,3678.94,4512.99,3682.38,4167.33,3342.97,2935.56,3909.22,3791.14,2822.52,3175.34,3830.39,3150.22,3467.78,3350.4,4951.68,3584.06,4103.25,3236.4,2969.51,4449.64,3386.11,3377.84,4160.37,3666.97,4252.77,3238.13,3056.01,3679.38,3705.75,3608.52,2724.34,4000.36,3665.36,4451.29,3234.85,3920.66,3002.98,3974.98,3361.78,4115.59,4142.8,4135.31,4591.72,3552.06,3058.98,3285.59,4391.87,4160.12,3661.32,4036.39,3746.17,3490.49,4306.75,3707.11,4148.57,3265.92,3795.36,3557.51,3791.7,3848.55
900,3929.48,2964.1,3307.74,4242.81,3557.42,3757.92,4850.21,4423.71,3248.61,3982.51,3640.99,3893.08,4001.14,3668.9,2746.22,4501.08,3819.11,3992.63,4554.56,4642.03,4134.4,4093.4,3459.33,3509.26,3397.47,4209.12,3331.33,3595.93,3304.39,4091.76,3459.98,3537.59,3038.62,3828.76,3294.65,3921.78,3950.06,3806.17,3879.29,3131.25,3750.83,4598.65,3747.07,4243.05,3402.37,2972.11,3987.07,3860.71,2878.47,3235.88,3903.1,3202.51,3523.56,3412.62,5041.32,3646.78,4190.19,3298.54,3018.45,4534.69,3449.23,3441.98,4233.51,3734.84,4329.38,3301.76,3120.53,3749.31,3772.42,3675.81,2776.35,4092.31,3732.81,4531.4,3293.06,3994.86,3059.17,4050,3425.89,4186.35,4220.13,4206.65,4676.96,3618.66,3116.87,3345.81,4472.19,4238.58,3736.01,4116.26,3809.94,3555,4389.9,3769,4221.93,3322.14,3869.62,3621.94,3867.2,3919.13
925,4004.67,3015.57,3364.48,4344.32,3620.7,3820.17,4936.48,4504.52,3309.54,4052.16,3709.25,3962.34,4073.83,3735.36,2795.59,4576.91,3893.16,4063.81,4633.81,4722.72,4205.51,4165.25,3520.98,3572.75,3461.39,4284.19,3389.28,3656.49,3359.38,4157.4,3519.18,3599.99,3091.52,3886.47,3355.05,4000.15,4016.38,3880.95,3936.49,3185.33,3822.4,4684.31,3809.77,4313.48,3461.77,3008.66,4058.98,3930.28,2931.07,3293.63,3975.81,3254.8,3576.5,3472.43,5130.42,3709.5,4276.44,3360.25,3067.39,4615.1,3512.35,3506.12,4306.64,3797.33,4405.99,3361.36,3181.84,3817.64,3839.08,3743.11,2824.5,4180.53,3796.05,4611.5,3351.27,4063.95,3111.72,4122.74,3490,4257.11,4291.6,4277.1,4753.68,3680.34,3172.89,3406.03,4551.25,4317.04,3810.02,4190,3873.71,3615.63,4469.2,3830.89,4295.29,3377.14,3943.87,3681.51,3942.17,3989.7
950,4074.84,3067.04,3420.6,4441.78,3683.98,3882.42,5022.75,4585.34,3368.05,4121.81,3773.01,4025.23,4146.52,3799.03,2844.95,4649.83,3962.25,4134.99,4706.52,4803.41,4276.61,4232.08,3582.62,3630.22,3525.32,4359.27,3447.24,3717.04,3414.37,4223.04,3578.36,3659.88,3142.23,3944.17,3409.85,4073.19,4076.72,3949.75,3993.68,3239.42,3887.78,4760.31,3866.98,4383.91,3516.27,3045.21,4129.96,3993,2982.31,3348.68,4044.85,3302.18,3629.44,3532.24,5219.51,3767.48,4362.11,3421.94,3115.1,4695.52,3575.47,3567.09,4373.37,3859.81,4479.37,3420.95,3243.15,3880.87,3905.46,3808.19,2872.66,4267.11,3855.73,4685.72,3407.64,4133.04,3162.63,4195.49,3549.74,4327.25,4363.07,4347.54,4828.54,3742.03,3228.91,3460.97,4630.31,4388.23,3878.53,4262.76,3937.48,3676.26,4548.51,3892.77,4368.64,3426.69,4018.13,3741.09,4010.67,4055.65
975,4145.02,3117.08,3476.73,4538.98,3744.29,3944.67,5109.03,4660.46,3423.58,4190.64,3834.84,4086.4,4212.22,3862.7,2890.24,4722.75,4029.78,4201.69,4779.24,4884.09,4341.22,4298.91,3640.11,3687.68,3585.42,4426.61,3503.65,3777.59,3469.35,4279.34,3631.15,3719.77,3189.81,4001.87,3464.65,4145.11,4137.05,4018.11,4050.88,3288.01,3953.16,4836.05,3924.2,4454.34,3569.35,3081.75,4200.95,4055.09,3033.55,3403.74,4110.23,3348.36,3682.37,3590.16,5306.12,3822.98,4441.85,3478.2,3158.31,4775.93,3632.81,3625.48,4437.59,3922.3,4547.02,3479.29,3301.03,3944.11,3964.83,3868.91,2920.11,4353.38,3915.42,4755.75,3459.82,4202.14,3213.55,4266.11,3607.8,4389.19,4434.55,4416.14,4903.39,3803.67,3281.75,3515.08,4707.97,4458.12,3947.04,4335.53,3998.06,3735.8,4626.81,3952.51,4438.11,3476.23,4085.92,3800.67,4079.16,4118.66
1000,4215.19,3163.44,3529.32,4634.07,3801.16,4000.1,5188.1,4732.41,3479.1,4252.64,3896.67,4147.57,4277.31,3925.21,2935.16,4795.67,4097.3,4265.24,4851.96,4956.72,4403.73,4365.74,3695.51,3745.15,3643.79,4493.6,3555.87,3832.98,3521.45,4335.64,3683.94,3777.81,3237.39,4059.26,3519.45,4217.02,4197.39,4086.48,4108.08,3336.32,4018.55,4911.79,3981.41,4519.31,3622.43,3118.3,4266.9,4117.17,3081.38,3456.74,4175.62,3394.55,3731.73,3643.78,5384.95,3878.47,4521.59,3534.46,3201.53,4847.85,3689.8,3683.86,4501.81,3980.58,4614.67,3533.33,3358.18,4007.34,4024.19,3929.63,2963.73,4434.36,3975.1,4825.79,3511.99,4265.3,3261.85,4331.18,3665.85,4451.13,4502.14,4478.33,4978.25,3859.1,3332.48,3569.18,4777.93,4528.01,4015.39,4403.16,4054.32,3790.27,4697.85,4006.94,4503.28,3525.77,4153.18,3855.13,4147.66,4181.66
1025,4278.78,3209.8,3579.73,4726.62,3858.04,4054.98,5264.61,4804.36,3533.17,4314.65,3956.32,4208.75,4342.4,3982.29,2980.08,4863.3,4161.35,4328.78,4921.55,5028.5,4466.23,4428.35,3750.91,3799.7,3702.17,4560.59,3608.1,3886.93,3570.37,4391.94,3736.74,3831.61,3284.97,4108.38,3569.98,4284.29,4256.62,4149.94,4157.89,3384.62,4078.82,4987.53,4036.06,4581.46,3674.67,3145.31,4331.19,4177.94,3128.02,3506.51,4241,3440.73,3777.66,3697.41,5463.79,3933.96,4600.95,3590.71,3244.74,4919.64,3746.79,3740.2,4566.03,4035.79,4682.32,3587.38,3414.27,4064.74,4083.55,3990.35,3007.36,4515.33,4030.39,4895.83,3564.17,4326.72,3307.72,4396.25,3721.77,4513.08,4564.94,4540.53,5046.85,3914.52,3383.22,3621.2,4847.9,4597.9,4077.79,4469.01,4110.59,3844.75,4768.9,4061.38,4568.46,3574.18,4220.44,3908.01,4211.42,4244.67
1050,4342.04,3256.16,3630.14,4819.17,3914.91,4109.86,5341.12,4876.31,3583.47,4376.65,4011.96,4264.44,4406.27,4039.37,3021.82,4926.92,4222.51,4392.33,4985.42,5100.27,4528.73,4487.24,3805.99,3850.75,3757.86,4626.55,3660.32,3940.89,3619.29,4448.24,3788.05,3885.41,3327.74,4157.49,3619.4,4349.82,4309.22,4212.01,4206.94,3431.72,4137.87,5055.31,4086.34,4643.61,3721.82,3163.88,4395.48,4232.96,3174.66,3556.29,4300.12,3481.96,3823.59,3751.03,5542.62,3984.74,4674.17,3642.72,3286.76,4991.44,3801.1,3793.03,4626.06,4091.01,4747.9,3641.42,3467.3,4121.55,4141.71,4045.58,3050.98,4594.98,4082.79,4964.34,3612.38,4388.13,3353.59,4461.32,3773.99,4575.02,4627.73,4602.72,5112.01,3969.94,3432.78,3669.51,4917.87,4659.83,4140.19,4534.86,4166.85,3899.23,4839.94,4115.82,4633.64,3617.56,4284.96,3960.89,4273.1,4301.51
1075,4405.29,3298.86,3680.55,4907.59,3966.72,4164.74,5417.63,4942.92,3633.78,4437.65,4067.6,4318.06,4464.15,4096.45,3062.49,4990.54,4283.67,4450.56,5049.28,5172.04,4587.54,4546.14,3855.47,3901.81,3810.84,4685.92,3708.43,3994.84,3668.21,4504.54,3834.86,3939.21,3370.3,4206.61,3668.81,4415.35,4361.83,4274.09,4255.99,3474.61,4196.93,5121.67,4136.61,4705.76,3768.97,3182.45,4457.76,4287.97,3219.19,3606.06,4358.48,3522.54,3869.52,3801.11,5620.92,4033.53,4747.39,3693.7,3324.73,5062.63,3852.21,3845.86,4682.04,4146.23,4807.19,3690.93,3520.32,4178.35,4194.22,4100.01,3091.07,4670.26,4135.2,5025.06,3658.86,4449.55,3399.47,4523.2,3826.21,4631.21,4690.53,4664.41,5177.18,4023.01,3478.46,3717.82,4987.83,4721.58,4202.59,4598.73,4221.24,3950.23,4908.62,4170,4694.98,3660.95,4345.42,4013.78,4334.77,4357.37
1100,4466.92,3340.39,3725.75,4995.24,4017.51,4214.9,5489.1,5006.46,3684.08,4492.47,4123.25,4371.69,4522.03,4151.25,3103.16,5054.16,4344.83,4506.91,5113.15,5236.31,4642.08,4605.04,3904.95,3952.86,3863.82,4745.29,3755.23,4043.34,3714.28,4552.51,3881.66,3989.41,3412.86,4255.72,3717.04,4478.86,4414.44,4334.28,4305.04,3517.5,4254.65,5188.03,4186.89,4764.65,3816.13,3201.01,4515.65,4342.99,3261.42,3651.14,4416.84,3563.12,3915.45,3848.89,5690.14,4082.31,4820.61,3744.68,3362.7,5126.28,3903.33,3898.69,4738.03,4198.93,4866.48,3739.66,3571.37,4233.95,4246.72,4154.43,3130.39,4745.53,4187.61,5085.78,3705.34,4505.68,3440.61,4581,3878.43,4685.06,4753.32,4718.98,5242.34,4072.53,3524.15,3766.13,5049.62,4783.33,4261.2,4658,4270.57,3998.93,4971.81,4217.59,4752.5,3704.34,4405.88,4061.9,4396.45,4413.24
1125,4523.57,3381.92,3770.79,5082.44,4068.3,4262.98,5556.42,5070,3730.49,4547.29,4175.18,4425.31,4579.91,4202.11,3142.84,5117.78,4399.91,4563.25,5177.02,5299.72,4696.62,4662.9,3954.42,4001.85,3916.81,4804.66,3802.03,4091.14,3757.55,4600.48,3928.46,4037.49,3454.96,4304.84,3761.4,4538.22,4467.05,4390.31,4354.09,3560.39,4307.7,5254.38,4237.16,4819.15,3862.98,3219.58,4573.55,4398.01,3303.65,3695.92,4475.21,3603.7,3956.58,3896.68,5759.36,4131.1,4888.96,3794.28,3400.67,5189.93,3954.44,3947.04,4794.01,4247.42,4925.77,3788.39,3620.37,4284.71,4299.23,4208.81,3169.71,4819.66,4239.21,5146.5,3751.82,4559.91,3481.75,4638.8,3927.15,4738.91,4808.15,4773.54,5307.5,4122.06,3569.83,3812.08,5111.06,4845.09,4317.7,4717.27,4319.91,4047.63,5035,4265.19,4810.03,3747.73,4466.33,4108.58,4452.01,4469.11
1150,4580.22,3423.45,3815.83,5165,4119.08,4311.06,5623.74,5133.54,3775.84,4602.11,4224.98,4478.31,4637.78,4252.98,3179.5,5174.38,4454.99,4619.59,5233.98,5363.13,4751.16,4714.48,4003.84,4046.96,3964.74,4864.03,3848.83,4138.95,3800.83,4648.45,3975.21,4085.56,3492.87,4349.96,3805.75,4597.58,4516.92,4446.34,4385.09,3603.15,4360.74,5319.53,4281.55,4873.65,3904.68,3238.15,4631.45,4446.64,3345.87,3740.7,4527.97,3642.13,3996.25,3944.46,5828.58,4178.62,4955.77,3840.24,3438.64,5253.58,4002.42,3994.6,4849.99,4295.9,4985.06,3836.56,3669.36,4335.47,4351.73,4257.34,3208.54,4889.25,4284.96,5207.22,3794.91,4614.13,3522.88,4696.59,3973.87,4792.76,4862.92,4828.11,5365.17,4171.58,3613.18,3855,5172.5,4902.32,4374.2,4776.54,4369.25,4096.33,5098.19,4312.78,4867.55,3787.66,4523.64,4155.27,4507.19,4520.76
1175,4636.87,3461.27,3860.87,5247.56,4165.53,4359.15,5691.06,5196.32,3821.19,4656.93,4274.78,4525.05,4689.28,4303.84,3216.17,5229.52,4510.07,4673.29,5289.75,5426.54,4805.71,4766.07,4047.81,4092.07,4012.58,4917.59,3891.38,4186.75,3844.1,4696.42,4016.52,4133.63,3530.78,4391.52,3850.11,4656.94,4562.55,4502.38,4407.07,3641.06,4413.79,5377.26,4325.53,4928.15,3946.37,3256.72,4686.32,4495.14,3384.47,3784.98,4579.76,3677.67,4035.91,3989.78,5897.8,4221.31,5022.59,3886.21,3473.35,5317.23,4048.03,4042.16,4900.9,4344.39,5040.12,3880.29,3716.4,4386.23,4399.14,4305.88,3243.84,4958.83,4330.71,5267.39,3836.11,4668.35,3563.69,4753.6,4020.59,4846.61,4917.69,4882.67,5421.53,4219.11,3654.13,3897.93,5233.94,4956.54,4430.7,4832.82,4418.58,4141.79,5161.34,4360.37,4925.08,3825.5,4577.64,4201.95,4562.36,4570.02
1200,4692.83,3498.31,3901.51,5329.27,4210.66,4407.23,5758.39,5252.08,3866.54,4707.45,4324.59,4571.79,4740.45,4354.16,3252.83,5284.66,4564.8,4722.98,5345.53,5487.17,4856.31,4817.66,4091.77,4137.18,4060.42,4969.93,3933.14,4231.79,3887.31,4744.39,4057.83,4178.97,3568.7,4433.08,3893.17,4712.93,4608.18,4555.74,4429.06,3678.96,4465.54,5434.99,4369.5,4982.65,3988.07,3275.29,4738.22,4543.63,3422.54,3825.11,4631.55,3713.2,4075.57,4032.15,5964.49,4263.99,5088.49,3932.18,3506.59,5375.89,4093.63,4089.73,4949.46,4392.87,5091.78,3924.01,3761.51,4436.69,4445.33,4354.42,3279.14,5028.42,4376.46,5319.72,3877.32,4721.51,3600.44,4804.66,4067.3,4895.4,4972.46,4934.97,5477.9,4263.18,3695.08,3940.85,5293.96,5010.76,4482.13,4885.93,4464.56,4185.15,5217.22,4406.89,4975.59,3863.33,4631.64,4247.27,4617.54,4619.28
1225,4743.31,3535.35,3941.58,5406.64,4255.79,4449.99,5819.05,5307.84,3907.66,4755.67,4371.77,4618.52,4791.63,4399.26,3288.13,5339.8,4614.17,4772.66,5401.3,5542.9,4903.65,4869.25,4135.74,4182.29,4107.83,5022.26,3974.91,4273.96,3925.42,4791.4,4099.15,4221.74,3606.61,4474.64,3932.84,4766.43,4653.81,4606.08,4451.05,3716.87,4512.97,5492.72,4413.48,5033,4029.77,3293.86,4790.12,4592.13,3460.62,3865.24,4683.33,3748.74,4115.24,4074.52,6024.92,4306.68,5149.14,3976.44,3539.82,5432.02,4139.24,4132.65,4998.02,4437.78,5143.45,3967.74,3806.63,4481.87,4491.53,4402.95,3314.44,5092.84,4422.21,5372.04,3918.53,4769.14,3637.2,4855.71,4111.63,4941.98,5027.23,4982.63,5534.26,4307.26,3736.03,3983.65,5347.6,5064.98,4533.03,4939.04,4507.63,4228.51,5273.11,4448.33,5026.11,3901.17,4685.65,4288.32,4668.2,4668.55
1250,4793.79,3572.39,3981.65,5484,4300.93,4491.93,5877.93,5363.6,3948.37,4803.88,4416.16,4665.26,4842.8,4444.36,3321.07,5394.94,4663.54,4822.34,5457.07,5598.64,4951,4919.98,4179.7,4223.63,4150.86,5074.6,4016.67,4316.13,3963.53,4832.1,4140.46,4264.52,3641.26,4516.2,3972.5,4819.93,4699.44,4656.42,4473.04,3754.78,4560.41,5550.45,4457.46,5080.58,4069.33,3307.95,4842.03,4639.4,3498.69,3905.37,4733.32,3784.27,4153.41,4116.89,6085.35,4349.36,5209.78,4017.72,3573.06,5488.15,4183.75,4175.31,5046.58,4480.16,5195.12,4011.46,3850.76,4527.04,4537.72,4447.81,3349.73,5156.84,4467.97,5424.37,3959.38,4816.77,3673.96,4906.76,4153.25,4988.57,5075.56,5030.29,5590.62,4351.33,3775.56,4021.64,5401.24,5119.21,4583.94,4992.16,4550.7,4271.87,5329,4489.77,5076.62,3939,4739.02,4329.36,4717.31,4717.81
1275,4844.27,3607.71,4021.72,5561.15,4345.04,4533.88,5936.82,5419.36,3989.09,4852.09,4460.54,4712,4892.86,4489.46,3354.01,5447.37,4712.91,4872.03,5507.73,5654.37,4998.35,4964.97,4221.34,4263.32,4193.88,5126.94,4056.32,4358.29,4001.64,4872.81,4180.7,4307.3,3674.93,4557.76,4012.17,4873.43,4745.07,4706.76,4495.03,3791.44,4607.84,5608.18,4496.55,5128.16,4106.08,3314.74,4892.49,4681.98,3533.37,3945.5,4779.07,3818.29,4187.56,4159.25,6145.77,4391.67,5270.43,4058.99,3606.29,5544.28,4224.28,4217.96,5095.14,4522.54,5246.78,4050.82,3892.18,4572.22,4583.92,4490.92,3381.32,5220.85,4507.82,5476.69,3995.79,4864.4,3710.71,4957.81,4194.87,5035.16,5123.08,5077.95,5644.54,4395.41,3812.13,4059.64,5454.88,5169.24,4634.84,5043.91,4593.78,4314.6,5384.89,4531.2,5127.14,3974.91,4787.01,4370.41,4766.42,4761.99
1300,4894.74,3640.64,4060.46,5633.31,4385,4575.82,5995.7,5475.13,4029.8,4900.3,4504.93,4753.97,4937.92,4534.56,3386.94,5494.94,4762.27,4918.82,5556.25,5710.11,5045.7,5009.96,4260.26,4303.01,4236.91,5173.28,4093.46,4400.46,4039.75,4913.51,4217.06,4350.08,3708.59,4598.67,4051.84,4924.66,4785.04,4756.07,4517.02,3824.83,4655.27,5660.25,4534.9,5175.73,4142.82,3321.54,4938.86,4724.56,3567.58,3982.07,4824.82,3849.33,4221.72,4197.81,6206.2,4428.9,5330.08,4100.27,3633.68,5600.41,4264.81,4260.62,5142.92,4564.92,5297.29,4089.91,3933.59,4617.4,4625.29,4534.03,3412.91,5282.89,4547.6,5529.01,4032.19,4912.03,3744.71,5007.48,4236.49,5081.74,5170.6,5125.61,5693.09,4435.32,3848.7,4097.63,5508.52,5216.62,4681.78,5091.35,4636.85,4353.1,5439.77,4572.64,5177.65,4007.81,4835,4411.46,4815.54,4805.26
1325,4942.54,3673.57,4096,5705.48,4424.96,4617.77,6054.58,5524.35,4067.96,4945.25,4549.32,4794.55,4982.97,4578.21,3419.74,5542.51,4808.11,4962.47,5604.76,5764.41,5093.04,5054.94,4299.18,4342.7,4279.93,5219.23,4130.6,4440.03,4077.86,4954.21,4253.41,4388.52,3742.26,4611.68,4087.84,4972.68,4824.49,4801.13,4539,3858.23,4698.73,5710.23,4573.24,5223.31,4179.57,3328.33,4985.23,4767.13,3601.79,4017.93,4870.57,3880.38,4255.88,4235.25,6266.62,4466.13,5384.89,4141.52,3655.32,5652.01,4305.34,4300.6,5184.89,4607.3,5342.14,4129,3975.01,4660.54,4665.79,4577.14,3444.51,5341.49,4587.39,5580.24,4068.6,4959.66,3777.46,5052.39,4278.11,5128.33,5218.12,5173.27,5741.63,4474.43,3885.27,4135.63,5562.16,5264.01,4727.46,5138.8,4679.31,4391.6,5488.99,4614.08,5222.64,4040.71,4883,4452.01,4864.47,4848.53
1350,4987.34,3706.5,4131.55,5777.64,4464.92,4657.88,6110.82,5573.06,4104.4,4987.5,4589.61,4835.12,5028.03,4618.07,3449.25,5590.07,4852.2,5006.11,5653.27,5813.23,5134.73,5099.93,4338.11,4382.39,4319.56,5265.19,4167.74,4477.12,4111.74,4994.91,4289.77,4426.46,3775.92,4624.68,4123.23,5020.71,4863.93,4846.18,4560.99,3891.62,4741,5760.2,4611.59,5270.43,4216.32,3335.12,5031.59,4809.71,3636,4053.78,4916.32,3911.42,4290.03,4272.69,6320.52,4503.36,5439.69,4178.47,3676.96,5701.31,4345.86,4338.74,5226.86,4649.09,5386.99,4168.09,4013.83,4700.62,4706.28,4620.25,3476.1,5400.1,4627.17,5625.15,4105,5001.61,3810.22,5097.3,4316.03,5169.14,5265.64,5215.36,5790.17,4513.54,3921.84,4173.45,5610.83,5311.39,4773.13,5186.24,4716.79,4430.09,5538.21,4649.99,5266.85,4073.61,4930.99,4488.01,4908.01,4891.8
1375,5032.14,3739.43,4167.09,5846.22,4504.88,4694.37,6162.1,5621.77,4140.85,5029.74,4629.04,4875.7,5073.08,4657.92,3478.77,5637.64,4896.29,5049.75,5701.78,5862.04,5175.69,5144.92,4377.03,4420.08,4358.13,5311.14,4204.89,4514.21,4145.21,5035.61,4326.13,4464.41,3806.17,4637.69,4158.61,5068.73,4903.38,4891.23,4569.52,3925.01,4783.27,5810.18,4649.93,5311.85,4250.81,3341.91,5077.96,4852.29,3668.68,4089.64,4961.28,3942.46,4324.19,4310.13,6373.05,4540.59,5494.5,4215.42,3698.6,5750.6,4384.94,4376.88,5268.84,4686.02,5431.84,4205.99,4051.76,4740.71,4746.77,4659.42,3506.33,5458.71,4666.95,5670.06,4141.41,5043.29,3842.98,5142.21,4352.99,5209.31,5313.11,5256.86,5838.72,4552.64,3955.79,4206.99,5657.47,5358.78,4818.81,5233.68,4754.28,4468.59,5587.44,4682.05,5311.05,4106.51,4978.02,4524,4951.56,4935.07
1400,5076.94,3770.63,4202.63,5913.24,4544.68,4730.85,6213.39,5670.48,4177.29,5071.99,4668.48,4916.27,5118.13,4697.77,3508.28,5685.21,4940.39,5093.4,5750.29,5910.85,5216.65,5187.65,4414.48,4454.9,4396.69,5357.1,4234.85,4551.3,4178.68,5074.88,4362.48,4502.36,3836.01,4650.69,4193.99,5116.76,4942.83,4936.28,4576.94,3958.41,4825.53,5860.15,4686.96,5353.27,4275.71,3348.71,5121.72,4890.78,3699.34,4125.3,5001.57,3973.51,4358.34,4347.57,6425.59,4577.82,5549.31,4252.38,3720.25,5799.9,4420.85,4415.02,5310.81,4722.95,5476.69,4240.85,4089.68,4780.79,4787.26,4697.59,3534.55,5514.86,4706.19,5714.97,4173.92,5084.98,3875.73,5187.12,4389.96,5249.49,5345.37,5298.36,5887.26,4591.75,3988.36,4240.54,5704.1,5406.17,4863.82,5278.55,4791.76,4506.68,5636.66,4714.11,5355.25,4139.41,5020.52,4560,4995.11,4976.22
1425,5121.74,3799.84,4237.68,5980.26,4579.97,4767.33,6264.68,5719.2,4213.74,5114.23,4707.91,4956.85,5158.98,4737.62,3537.79,5732.67,4984.48,5137.04,5793.74,5959.66,5257.61,5226.78,4448.85,4489.73,4435.26,5400.88,4258.43,4588.39,4212.16,5108.96,4385.28,4540.31,3865.84,4663.69,4229.37,5160.85,4982.27,4979.29,4584.35,3988.23,4867.8,5910.13,4703.31,5394.68,4300.6,3355.5,5163.04,4928.07,3730,4157.28,5041.86,3994.72,4388.23,4382.91,6478.13,4611.13,5599.91,4289.33,3741.89,5849.2,4456.76,4453.16,5352.78,4759.88,5521.54,4275.7,4127.61,4820.87,4826.81,4735.77,3562.76,5568.33,4739.57,5759.89,4206.01,5126.67,3905.7,5232.03,4426.92,5289.67,5377.62,5339.87,5935.81,4624.15,4020.94,4274.09,5750.74,5448.02,4904.68,5320.83,4829.25,4540.8,5685.88,4746.18,5399.45,4163.31,5063.01,4595.99,5038.65,5014.13
1450,5165.27,3829.05,4269.14,6046.79,4615.26,4803.82,6315.96,5767.81,4247.14,5156.48,4747.34,4984.19,5198.54,4777.47,3566.63,5773.59,5024.94,5167.17,5835.83,6008.47,5298.57,5265.9,4483.22,4524.56,4473.82,5441.14,4282,4625.48,4245.63,5143.04,4404.1,4575.23,3895.67,4676.7,4261.25,5203.83,5010.27,5019.5,4591.77,4017.58,4899.59,5956.82,4719.66,5436.1,4325.5,3362.29,5204.36,4965.36,3760.66,4189.25,5082.15,4006.8,4417.61,4415.91,6530.67,4626.47,5649.27,4325.73,3763.53,5898.49,4492.67,4485.62,5394.75,4796.81,5566.39,4310.55,4162.58,4860.23,4862.22,4773.95,3590.98,5621.8,4772.96,5804.8,4238.1,5168.36,3934.84,5273.28,4463.88,5329.85,5409.88,5381.37,5978.3,4654.15,4053.51,4307.63,5797.38,5489.3,4945.55,5363.11,4866.74,4574.91,5731.26,4778.24,5443.23,4172.32,5105.51,4631.99,5082.2,5052.04
1475,5204.92,3858.26,4300.61,6108.8,4650.55,4840.3,6367.25,5805.67,4279.69,5194.89,4784.14,5004.36,5238.09,4813.43,3593.03,5814.52,5064.21,5195.45,5877.93,6048.1,5339.53,5305.02,4517.6,4559.39,4508.57,5481.4,4305.58,4658.71,4277.65,5177.12,4422.91,4608.84,3925.5,4689.7,4292.76,5246.81,5030,5059.71,4599.19,4046.94,4928.17,5999.95,4736,5477.52,4350.39,3369.08,5245.68,5002.64,3791.32,4221.23,5122.43,4018.88,4446.98,4448.91,6583.21,4641.82,5698.63,4358.74,3778.55,5941.86,4528.58,4515.93,5427.99,4833.74,5594.07,4345.4,4197.25,4895.73,4897.63,4812.13,3619.19,5675.27,4806.34,5849.71,4270.18,5209.99,3963.98,5312.67,4498.62,5370.03,5442.13,5422.88,6020.01,4684.15,4086.09,4341.18,5844.01,5530.59,4986.41,5405.39,4904.22,4609.02,5774.49,4810.31,5465.68,4181.33,5148.01,4664.27,5122.12,5089.95
1500,5244.57,3887.47,4332.08,6170.82,4685.83,4876.79,6416.82,5843.54,4312.23,5231.82,4819.11,5024.53,5277.65,4848.56,3619.43,5855.45,5103.49,5223.73,5920.02,6068.14,5376.35,5344.14,4551.97,4594.21,4543.07,5521.65,4329.15,4691.27,4297.62,5211.2,4441.73,4642.44,3949.41,4702.71,4324.27,5289.79,5049.74,5099.93,4606.6,4076.3,4956.75,6043.08,4752.35,5518.93,4375.29,3375.87,5287,5039.93,3820.45,4253.2,5162.72,4030.96,4476.36,4481.91,6631.7,4657.16,5747.98,4391.75,3785.81,5985.05,4564.49,4546.23,5457.18,4870.67,5621.22,4380.06,4231.93,4931.23,4933.04,4842.33,3646.64,5727.66,4839.72,5892.97,4302.27,5246.39,3993.12,5352.07,4531.37,5406.2,5474.39,5460.68,6061.72,4714.14,4117.15,4369.1,5888.07,5571.87,5027.27,5447.67,4925.34,4643.13,5817.71,4842.37,5488.13,4190.34,5190.5,4684.81,5160.63,5127.86
1525,5284.22,3916.68,4363.54,6232.83,4721.12,4908.59,6451.69,5881.4,4344.78,5268.75,4854.07,5044.7,5317.21,4883.69,3645.83,5896.37,5142.77,5252,5962.12,6088.18,5405.32,5383.26,4586.35,4619.13,4577.56,5561.91,4352.73,4723.83,4317.59,5245.28,4460.54,4676.04,3964,4715.71,4355.77,5332.77,5069.47,5140.14,4614.02,4105.66,4985.34,6086.2,4768.69,5550.38,4400.19,3382.67,5323.89,5077.21,3847.88,4285.18,5198.44,4043.04,4505.73,4514.92,6676.91,4672.51,5797.34,4424.75,3793.06,6028.24,4587.2,4576.53,5486.36,4903.65,5648.38,4411.07,4266.6,4966.72,4968.45,4853.44,3671.8,5776.3,4873.1,5931.44,4334.23,5282.8,4022.26,5391.46,4564.13,5424.83,5506.64,5496.76,6103.42,4744.14,4146.12,4388.54,5928.52,5613.16,5068.13,5485.65,4944.16,4677.24,5860.94,4858.63,5510.58,4199.35,5229.99,4705.35,5199.14,5165.77
1550,5323.87,3942.97,4395.01,6293.84,4755.4,4940.28,6486.55,5919.27,4377.33,5305.68,4889.03,5064.87,5356.76,4918.83,3672.23,5937.3,5182.04,5280.28,6004.21,6108.22,5434.29,5422.39,4618.66,4628.58,4612.06,5602.17,4376.31,4756.39,4337.56,5279.36,4479.36,4709.65,3978.59,4728.71,4387.28,5372.97,5089.2,5180,4621.44,4135.02,5013.92,6129.33,4785.04,5578.11,4420.81,3389.46,5343.3,5099.33,3875.32,4308.61,5223.04,4055.12,4535.1,4547.92,6722.11,4687.85,5842.23,4457.76,3800.32,6071.42,4606.29,4606.84,5515.55,4935.77,5675.53,4442.09,4299.09,5002.22,5003.86,4864.56,3696.96,5824.95,4906.48,5969.91,4362.47,5319.21,4050.59,5430.85,4596.88,5443.46,5538.9,5532.85,6145.13,4774.14,4175.09,4407.97,5968.97,5654.45,5104.73,5505.63,4962.98,4705.17,5904.17,4867.88,5533.03,4208.36,5267.52,4725.89,5237.64,5199.77
1575,5363.52,3968.84,4420.12,6351.02,4785.35,4971.97,6521.42,5957.14,4408.51,5342.61,4923.99,5085.04,5382.4,4953.96,3698.63,5978.23,5220.27,5308.55,6046.31,6128.26,5463.26,5442.7,4648.97,4638.04,4646.55,5641.52,4387.79,4788.96,4357.53,5313.44,4498.17,4743.25,3993.18,4741.72,4412.95,5411.35,5108.93,5215.83,4628.86,4155.21,5042.51,6172.45,4801.38,5605.85,4429.06,3396.25,5362.7,5109.76,3902.75,4328.13,5247.64,4067.2,4564.48,4570.99,6767.32,4703.2,5886.56,4490.77,3807.57,6114.61,4625.39,4637.14,5544.73,4967.89,5702.69,4473.1,4330.73,5037.72,5039.27,4875.68,3722.13,5873.59,4936.34,6008.38,4390.72,5355.61,4076.49,5470.25,4629.64,5462.09,5567.73,5568.94,6186.84,4794.48,4204.05,4427.4,6009.42,5690.89,5141.21,5525.61,4981.8,4724.61,5947.4,4877.12,5555.47,4217.37,5305.05,4746.43,5276.15,5215.4
1600,5394.27,3994.72,4428.94,6408.2,4815.3,5003.66,6556.28,5995,4437.54,5379.54,4958.96,5105.21,5398.58,4989.09,3720.61,6019.15,5255.2,5336.83,6069.56,6148.3,5492.23,5457.59,4679.27,4647.49,4679.03,5658.17,4396.25,4821.52,4377.5,5347.52,4516.99,4768.01,4007.78,4754.72,4427.76,5449.73,5128.67,5251.65,4636.27,4172.41,5067.98,6215.58,4817.73,5633.58,4437.32,3403.04,5382.11,5120.18,3930.18,4347.66,5272.24,4079.28,4583.62,4582.75,6812.53,4718.54,5930.89,4521.3,3814.83,6157.8,4644.48,4648.69,5573.91,5000.01,5729.84,4504.12,4362.38,5072.21,5062.44,4886.8,3747.29,5922.23,4945.28,6046.85,4418.96,5392.02,4102.39,5507.92,4662.39,5480.72,5578.19,5605.03,6228.55,4803.55,4233.02,4446.83,6049.87,5718.8,5177.69,5545.59,5000.62,4744.04,5986.81,4886.37,5577.92,4226.38,5342.59,4766.97,5314.66,5231.02
1625,5407.7,4020.6,4437.75,6465.38,4845.26,5035.35,6591.14,6032.87,4466.57,5414.96,4977.54,5125.38,5414.76,5014.24,3741.64,6041.13,5290.13,5360.08,6092.43,6168.34,5521.2,5472.48,4709.58,4656.95,4709.83,5674.82,4404.71,4847.02,4397.46,5356.49,4531.05,4790.86,4022.37,4765.52,4442.58,5488.11,5148.4,5287.48,4643.69,4189.61,5077.8,6257.29,4834.08,5661.32,4445.57,3409.84,5401.51,5130.6,3957.62,4367.18,5296.83,4091.36,4591.61,4594.52,6857.73,4733.89,5975.22,4550.74,3822.08,6187.87,4663.58,4657.66,5603.1,5032.14,5756.99,4535.13,4394.03,5103.62,5080.8,4897.92,3772.45,5968.39,4954.23,6085.32,4447.2,5428.43,4128.3,5542.02,4687.58,5499.35,5588.64,5641.12,6259.2,4812.62,4261.98,4466.27,6090.32,5746.71,5214.16,5565.57,5019.45,4763.48,6019.74,4895.62,5600.37,4235.39,5380.12,4787.51,5349.96,5246.65
1650,5421.12,4046.47,4446.56,6522.57,4875.21,5067.03,6626.01,6051.02,4495.6,5426.64,4988.47,5145.55,5430.94,5033.88,3762.68,6052.81,5325.05,5369.95,6115.3,6188.38,5550.17,5487.38,4739.88,4666.4,4740.63,5691.47,4413.17,4862.35,4417.43,5365.25,4539.06,4813.71,4036.96,4769.07,4457.39,5526.5,5168.13,5323.31,4651.11,4206.81,5087.62,6294.45,4848.22,5689.05,4453.83,3416.63,5420.92,5141.02,3976.56,4386.71,5321.43,4103.44,4599.6,4606.29,6902.94,4749.23,6019.55,4580.18,3829.34,6203.53,4682.67,4666.63,5632.28,5064.26,5784.15,4563.33,4425.27,5135.02,5099.17,4909.04,3796.3,6012.53,4963.18,6123.79,4475.44,5460.23,4154.2,5576.12,4707.5,5517.99,5599.1,5677.21,6273.62,4821.69,4285.57,4485.7,6130.77,5774.62,5250.64,5585.55,5038.27,4782.92,6052.68,4904.86,5622.82,4244.4,5417.65,4808.05,5383.96,5262.28
1675,5434.55,4072.35,4455.38,6575.19,4905.16,5098.72,6660.87,6062.1,4524.63,5438.31,4999.4,5165.55,5447.12,5053.52,3783.71,6064.48,5359.98,5379.82,6138.16,6208.41,5579.13,5502.27,4770.18,4675.86,4771.44,5708.12,4421.63,4877.67,4437.4,5374,4547.06,4836.56,4051.55,4772.62,4472.21,5564.88,5187.87,5359.14,4658.52,4224.01,5097.45,6331.61,4856.36,5716.79,4462.08,3417.63,5440.32,5151.45,3994.93,4406.23,5346.03,4113.78,4607.59,4618.05,6938.75,4764.12,6061.78,4609.63,3836.59,6219.19,4701.77,4675.6,5657.41,5096.38,5808.05,4578.5,4454.13,5166.43,5117.53,4920.16,3818.72,6056.67,4972.12,6162.26,4503.68,5474.29,4180.1,5610.23,4727.42,5536.62,5609.55,5699.99,6288.04,4830.76,4304.4,4505.13,6167.47,5802.52,5284.73,5605.54,5057.09,4802.36,6085.62,4914.11,5645.27,4253.41,5453.01,4828.6,5417.95,5277.9
1700,5447.98,4089.91,4464.19,6627.77,4935.11,5115.13,6695.74,6073.18,4553.66,5449.99,5010.32,5174.2,5463.29,5073.16,3804.75,6076.16,5394.91,5389.7,6161.03,6228.45,5608.1,5517.16,4800.49,4685.31,4802.24,5724.77,4430.09,4893,4446.07,5382.76,4555.07,4859.4,4066.14,4776.17,4487.02,5596.98,5200.66,5392.71,4665.94,4241.21,5107.27,6368.77,4864.49,5744.52,4470.34,3418.14,5459.73,5161.87,4013.29,4425.76,5370.63,4120.3,4615.57,4629.82,6950.9,4772.01,6101.52,4639.07,3843.85,6234.86,4720.86,4684.56,5666.69,5115.53,5817.94,4593.68,4482.98,5197.84,5135.9,4931.28,3841.14,6100.81,4981.07,6195.25,4525.85,5488.36,4205.19,5644.33,4747.35,5555.25,5620.01,5710.98,6302.47,4839.83,4323.22,4521.65,6184.69,5830.43,5308.51,5625.52,5075.91,4821.8,6118.56,4923.36,5655.55,4262.42,5483.29,4840.1,5451.95,5293.53
1725,5461.41,4101.29,4473,6680.35,4956.23,5123.54,6711.67,6084.26,4577.31,5461.66,5021.25,5182.85,5479.47,5092.8,3825.78,6087.83,5428.78,5399.57,6183.9,6245.67,5620.83,5532.05,4827.51,4694.77,4833.04,5741.42,4438.55,4908.33,4453.4,5391.51,4563.08,4882.25,4074.59,4779.72,4501.83,5627.6,5209.02,5403.47,4673.36,4258.42,5117.09,6405.92,4872.63,5768.41,4478.59,3418.64,5479.13,5172.29,4031.66,4442.64,5393.75,4126.82,4623.56,4641.58,6963.05,4779.9,6141.27,4668.51,3851.11,6250.52,4734.54,4693.53,5675.96,5125.95,5827.84,4608.86,4511.84,5229.24,5154.26,4942.4,3863.57,6144.95,4990.01,6207.62,4537.52,5502.42,4212.64,5678.43,4767.27,5573.88,5630.46,5721.96,6316.89,4848.9,4342.05,4529.12,6201.91,5858.34,5332.29,5645.5,5093.44,4841.23,6151.5,4932.6,5665.28,4271.06,5513.58,4848.07,5485.94,5309.15
1750,5474.83,4112.66,4481.81,6732.94,4964.37,5131.94,6723.27,6095.33,4590.92,5473.34,5032.18,5191.51,5495.65,5112.44,3841.33,6099.51,5440.29,5409.44,6206.77,6254.69,5629.94,5546.95,4854.21,4704.22,4861.75,5758.07,4447.02,4923.66,4460.73,5400.27,4571.08,4905.1,4081.09,4783.27,4516.65,5658.22,5217.39,5414.23,4678.23,4275.62,5126.91,6443.08,4880.77,5777.7,4486.84,3419.15,5491.15,5182.71,4050.03,4449.9,5402.88,4133.34,4631.55,4653.35,6975.2,4787.79,6181.01,4696.05,3858.36,6266.18,4742.61,4702.5,5685.24,5136.37,5837.73,4624.04,4540.7,5260.65,5172.62,4953.52,3885.99,6187.39,4998.96,6219.99,4549.2,5516.49,4220.09,5712.53,4787.19,5592.51,5640.92,5732.94,6331.31,4857.97,4360.87,4536.59,6219.13,5886.24,5356.07,5657.79,5101.52,4858.36,6184.44,4941.85,5675.01,4277.71,5543.87,4856.03,5519.94,5324.78
1775,5488.26,4124.04,4490.63,6783.75,4972.51,5140.35,6734.87,6106.41,4604.52,5485.02,5043.11,5200.16,5511.83,5132.08,3847.33,6111.18,5451.79,5419.32,6229.64,6263.71,5639.05,5561.84,4880.92,4713.68,4888.47,5774.72,4455.48,4938.99,4468.06,5409.02,4579.09,4926.83,4087.6,4786.81,4531.46,5688.85,5225.75,5425,4678.93,4292.82,5136.73,6480.24,4888.91,5786.99,4495.1,3419.65,5500.59,5193.14,4068.39,4457.15,5412,4139.86,4639.54,4665.11,6987.35,4795.68,6220.75,4722.3,3865.62,6281.84,4750.67,4711.47,5694.51,5146.78,5847.62,4639.21,4566.78,5280.95,5190.99,4963.12,3908.41,6227.38,5007.91,6232.36,4560.87,5530.55,4227.54,5745.66,4807.12,5609.07,5651.37,5743.93,6345.73,4867.04,4379.7,4544.06,6236.36,5914.15,5379.85,5667.49,5109.6,4866.1,6217.37,4951.1,5684.74,4284.35,5574.15,4863.99,5553.93,5340.4
1800,5501.69,4135.41,4499.44,6831.99,4980.65,5148.76,6746.47,6117.49,4618.13,5496.69,5054.03,5208.81,5528.01,5151.72,3853.34,6122.86,5463.3,5429.19,6252.51,6272.73,5648.16,5576.73,4907.62,4723.13,4915.18,5791.37,4463.94,4954.31,4475.39,5417.78,4587.09,4934.53,4094.11,4790.36,4542.33,5719.47,5234.12,5435.76,4679.63,4299.34,5146.55,6517.4,4897.04,5796.27,4503.35,3420.16,5510.03,5203.56,4086.76,4464.4,5421.12,4146.38,4647.53,4676.88,6999.51,4803.57,6260.5,4748.54,3871.32,6297.5,4758.73,4720.43,5703.78,5157.2,5857.51,4654.39,4576.34,5292.85,5209.35,4971.3,3930.73,6267.37,5016.85,6244.73,4572.54,5544.62,4234.99,5754.79,4827.04,5617.44,5661.82,5754.91,6360.16,4876.11,4398.52,4551.53,6253.58,5930.38,5403.63,5677.19,5117.68,4873.83,6236.7,4960.35,5694.47,4290.99,5604.44,4871.96,5568.26,5356.03
1825,5515.12,4146.79,4508.25,6880.23,4988.79,5157.16,6758.06,6128.57,4631.73,5508.37,5064.96,5217.47,5543.62,5171.36,3859.34,6134.53,5474.81,5439.07,6275.38,6281.75,5657.27,5591.62,4934.32,4731.95,4941.9,5808.02,4472.4,4969.64,4482.72,5426.53,4595.1,4942.23,4100.62,4793.91,4549.38,5750.1,5242.48,5446.53,4680.33,4305.8,5156.37,6554.56,4905.18,5805.56,4511.61,3420.66,5519.47,5213.98,4097.83,4471.65,5430.24,4152.9,4655.52,4688.65,7011.66,4811.46,6298.56,4774.79,3876.86,6313.17,4766.79,4729.4,5713.06,5167.61,5867.4,4669.57,4585.9,5304.74,5227.72,4979.47,3938.32,6307.37,5025.8,6257.1,4584.21,5558.68,4242.44,5763.91,4843.77,5625.81,5672.28,5765.89,6374.58,4885.18,4417.35,4558.99,6270.8,5939.65,5427.41,5686.89,5125.76,4881.56,6246.71,4969.59,5704.2,4297.64,5634.73,4879.92,5580.52,5367.77
1850,5528.54,4158.16,4517.07,6928.47,4996.93,5165.57,6769.66,6139.65,4645.34,5520.05,5075.89,5226.12,5552.2,5184.43,3865.35,6146.21,5486.31,5448.94,6288.15,6290.78,5666.38,5606.42,4961.03,4739.14,4968.62,5822.75,4480.36,4984.97,4490.05,5435.29,4603.11,4949.93,4107.13,4797.46,4556.43,5780.72,5250.85,5457.29,4681.03,4312.26,5166.19,6570.05,4913.32,5814.85,4519.86,3421.17,5528.91,5223.68,4104.09,4478.9,5439.36,4159.42,4663.51,4697.72,7023.81,4819.35,6334.15,4801.03,3882.4,6328.83,4774.85,4738.37,5722.33,5178.03,5877.29,4684.75,4595.46,5316.63,5237.33,4987.65,3945.91,6347.36,5034.75,6269.47,4595.88,5572.75,4249.89,5773.03,4851.2,5634.19,5682.73,5776.88,6389,4894.25,4429.06,4566.46,6288.02,5948.93,5451.19,5696.6,5133.84,4889.3,6256.72,4977.72,5713.93,4304.28,5665.02,4887.88,5592.78,5375.98
1875,5539.67,4169.53,4524.52,6976.71,5005.07,5173.98,6781.26,6150.73,4658.94,5531.72,5086.81,5234.77,5560.78,5192.31,3871.35,6157.88,5497.82,5458.81,6297.43,6299.8,5675.49,5614.1,4987.73,4746.34,4995.33,5831.54,4487.19,4999.46,4497.38,5444.05,4611.11,4957.63,4113.64,4801.01,4563.47,5792.64,5259.21,5468.05,4681.73,4318.71,5176.01,6581.2,4921.45,5824.13,4526.29,3421.67,5538.35,5230.65,4110.35,4486.15,5448.48,4165.94,4671.5,4704.8,7035.96,4827.24,6369.73,4827.28,3887.94,6344.49,4782.91,4745.78,5731.61,5188.45,5887.18,4699.51,4605.02,5328.53,5245.1,4995.83,3953.5,6387.35,5043.69,6281.85,4607.55,5586.81,4257.34,5782.16,4858.63,5642.56,5693.19,5787.86,6403.42,4902.02,4435.65,4573.93,6305.24,5958.2,5468.5,5706.3,5141.92,4897.03,6266.72,4981.94,5723.66,4310.92,5678.86,4895.85,5605.05,5384.19
1900,5548.35,4180.91,4531.17,7023.26,5013.21,5182.38,6792.86,6161.81,4672.55,5543.4,5096.22,5243.43,5569.36,5200.19,3877.35,6169.56,5509.32,5468.69,6306.72,6308.82,5684.6,5621.78,5007.58,4753.53,5022.05,5840.32,4494.01,5006.61,4504.71,5452.8,4619.12,4965.33,4120.14,4804.56,4570.52,5801.76,5267.58,5478.82,4682.43,4325.17,5183.86,6592.34,4929.59,5833.42,4532.32,3422.18,5547.8,5237.61,4116.61,4493.4,5457.61,4172.46,4679.49,4711.88,7048.11,4835.13,6405.31,4853.53,3893.48,6360.15,4790.97,4753.05,5740.88,5198.86,5897.07,4706.43,4614.58,5340.42,5252.87,5004,3961.1,6424.51,5052.64,6294.22,4619.22,5600.88,4264.79,5791.28,4866.06,5650.94,5703.64,5798.85,6417.85,4909.31,4442.25,4581.4,6322.46,5967.47,5477.02,5716,5149.99,4904.76,6276.73,4986.17,5733.39,4317.57,5687.59,4903.81,5617.31,5392.4
1925,5557.02,4192.28,4537.82,7067.44,5021.35,5190.79,6804.46,6172.89,4686.15,5555.08,5103.79,5252.08,5577.93,5208.07,3883.36,6181.23,5520.83,5478.56,6316,6317.84,5693.71,5629.46,5018.29,4760.72,5036.35,5849.1,4500.84,5013.77,4512.04,5461.56,4627.13,4973.03,4126.65,4808.1,4577.56,5810.87,5275.94,5489.58,4683.13,4331.63,5190.31,6603.49,4937.73,5842.7,4538.34,3422.68,5557.24,5244.57,4122.87,4500.65,5466.73,4178.98,4687.48,4718.96,7060.26,4843.02,6440.9,4866.2,3899.02,6369.66,4799.03,4760.32,5750.16,5209.28,5906.96,4713.35,4624.14,5352.31,5260.65,5012.18,3968.69,6460.7,5061.45,6306.59,4630.9,5614.94,4272.24,5800.4,4873.49,5659.31,5714.1,5809.83,6432.27,4916.59,4448.84,4588.87,6339.68,5976.74,5485.54,5725.7,5158.07,4912.5,6286.74,4990.39,5743.12,4324.21,5696.32,4911.78,5629.58,5400.61
1950,5565.69,4202.17,4544.47,7111.62,5029.49,5199.2,6816.06,6183.97,4699.75,5565,5111.36,5260.73,5586.51,5215.96,3889.36,6192.91,5532.33,5488.44,6325.28,6326.86,5702.81,5637.14,5029,4767.92,5043.65,5857.88,4507.66,5020.92,4519.37,5470.31,4634.36,4980.73,4133.16,4811.65,4584.61,5819.98,5284.31,5500.34,4683.83,4338.08,5196.75,6614.64,4945.86,5851.99,4544.36,3423.19,5566.68,5251.54,4129.13,4507.91,5475.85,4185.5,4695.47,4726.05,7072.41,4850.91,6476.48,4874.41,3904.56,6377.27,4807.09,4767.58,5759.43,5219.7,5916.85,4720.27,4633.69,5364.21,5268.42,5020.36,3976.28,6496.89,5065.49,6318.96,4642.57,5627.43,4279.69,5809.53,4880.92,5667.68,5717.71,5820.81,6446.69,4923.88,4455.44,4596.34,6356.91,5986.01,5494.06,5735.4,5166.15,4920.23,6296.75,4994.61,5752.85,4330.85,5705.06,4919.74,5641.84,5408.83
1975,5574.37,4207.78,4551.13,7155.8,5037.62,5207.6,6827.66,6195.05,4708.27,5572.18,5118.94,5269.39,5595.09,5223.84,3895.37,6204.58,5543.84,5492.22,6334.56,6335.88,5711.92,5644.82,5039.72,4775.11,5050.94,5866.67,4514.49,5028.07,4526.7,5479.07,4637.84,4988.44,4139.67,4815.2,4591.66,5829.09,5292.67,5511.11,4684.53,4344.54,5203.2,6625.79,4954,5861.28,4550.38,3423.7,5576.12,5258.5,4135.39,4515.16,5484.97,4192.01,4702.78,4733.13,7084.56,4858.8,6512.07,4882.62,3910.1,6384.88,4815.15,4774.85,5768.71,5230.11,5926.74,4727.2,4643.25,5376.1,5276.2,5028.54,3983.87,6533.07,5069.52,6331.33,4653.96,5635.26,4287.14,5818.65,4888.35,5676.06,5719.96,5831.8,6456.11,4931.16,4462.03,4603.8,6374.13,5995.29,5502.58,5745.1,5174.23,4927.96,6306.76,4998.84,5762.58,4337.5,5713.79,4927.7,5654.1,5417.04
2000,5583.04,4213.4,4557.78,7199.97,5045.76,5216.01,6839.26,6200.59,4714.78,5579.36,5126.51,5278.04,5603.67,5231.72,3901.37,6208.74,5555.34,5495.29,6343.85,6344.9,5721.03,5652.51,5050.43,4782.3,5058.24,5875.45,4521.31,5035.23,4534.03,5487.82,4641.31,4996.14,4146.18,4818.75,4598.7,5838.21,5301.04,5520.27,4685.23,4350.99,5209.65,6636.93,4962.14,5870.56,4556.41,3424.2,5585.56,5265.46,4141.65,4522.41,5494.09,4198.53,4707.66,4740.21,7096.72,4866.69,6531.51,4890.83,3915.64,6392.49,4823.21,4782.12,5777.98,5240.53,5936.63,4734.12,4652.65,5388,5283.97,5036.71,3991.46,6569.26,5073.55,6343.7,4660.03,5643.08,4294.59,5827.77,4895.78,5684.43,5722.21,5842.78,6460.29,4938.45,4468.63,4611.27,6382.61,6004.56,5511.1,5754.8,5182.31,4935.7,6316.76,5003.06,5772.31,4344.14,5722.52,4935.67,5666.37,5425.25
2025,5591.71,4219.01,4564.43,7244.15,5053.9,5224.41,6850.86,6203.73,4721.29,5586.55,5134.09,5286.69,5612.25,5239.6,3907.38,6212.25,5564.83,5498.36,6353.13,6353.93,5730.14,5660.19,5061.14,4789.5,5065.54,5884.23,4528.13,5042.38,4541.37,5496.58,4644.79,5003.84,4152.69,4822.3,4605.75,5847.32,5309.4,5528.16,4685.94,4357.45,5216.09,6648.08,4967.35,5879.85,4562.43,3424.71,5595,5272.42,4147.91,4529.66,5503.21,4205.05,4712.53,4747.29,7108.87,4874.58,6542.35,4899.04,3921.18,6400.1,4831.27,4789.39,5787.26,5250.95,5946.53,4741.04,4659.27,5399.89,5291.74,5044.89,3999.05,6605.44,5077.59,6356.07,4666.11,5650.91,4300.28,5836.9,4903.21,5692.81,5724.46,5850.84,6464.48,4945.73,4475.22,4618.74,6390.19,6013.83,5519.62,5764.5,5190.39,4943.43,6326.77,5007.28,5782.04,4350.79,5731.26,4943.63,5678.63,5433.46
2050,5600.39,4224.63,4571.08,7284.68,5062.04,5232.82,6862.46,6206.86,4727.81,5593.73,5141.66,5295.35,5620.83,5247.48,3913.33,6215.76,5572.52,5501.43,6362.41,6362.95,5739.25,5667.87,5071.85,4796.69,5072.83,5893.01,4534.96,5049.53,4546.54,5500.89,4648.27,5011.54,4158.63,4825.84,4612.79,5856.43,5317.77,5536.06,4686.64,4363.91,5222.54,6659.23,4968.9,5889.14,4568.45,3425.21,5603.44,5279.39,4154.17,4536.03,5512.33,4209.34,4717.41,4754.37,7115.53,4881.49,6553.19,4907.25,3926.72,6407.71,4837.82,4796.66,5796.53,5257.84,5956.4,4747.96,4665.89,5411.78,5299.52,5053.07,4006.64,6632.5,5081.62,6368.45,4672.18,5658.74,4305.81,5846.02,4910.64,5701.18,5726.7,5856.48,6468.67,4953.02,4481.82,4624.69,6397.78,6023.1,5528.14,5773.14,5198.47,4951.16,6336.78,5011.5,5787.55,4357.43,5739.99,4949.57,5690.9,5441.67
2075,5609.06,4230.24,4577.73,7325.08,5068.84,5238.78,6874.06,6210,4734.32,5600.91,5149.24,5299.98,5629.41,5255.37,3918.26,6219.28,5580.21,5504.5,6371.69,6371.97,5748.36,5675.55,5082.56,4803.89,5080.13,5901.8,4541.78,5056.68,4551.5,5503.27,4651.74,5019.24,4163.88,4829.39,4619.84,5865.54,5326.13,5543.95,4687.34,4370.36,5228.98,6670.38,4970.44,5898.42,4574.47,3425.72,5606.99,5286.35,4160.44,4541.93,5519.76,4211.82,4722.29,4761.45,7118.52,4883.04,6564.03,4915.46,3932.26,6415.32,4842.19,4803.92,5803.21,5264.48,5958.06,4754.88,4672.51,5419.54,5307.29,5061.24,4014.23,6649.95,5085.66,6380.82,4678.26,5666.57,4311.33,5855.14,4918.07,5709.55,5728.95,5862.11,6472.85,4960.3,4488.41,4629.95,6405.37,6032.37,5536.66,5776.31,5206.54,4958.9,6346.79,5015.73,5789.21,4364.07,5748.73,4952.97,5703.16,5449.88
2100,5617.73,4235.86,4584.39,7365.48,5075.39,5243.75,6878.2,6213.13,4740.83,5608.09,5156.81,5301.42,5637.99,5263.25,3923.19,6222.79,5587.9,5507.57,6380.98,6380.99,5757.47,5683.23,5093.27,4811.08,5087.42,5910.58,4548.61,5063.84,4556.47,5505.65,4655.22,5026.94,4169.12,4832.94,4626.89,5874.66,5331.31,5551.85,4688.04,4376.82,5235.43,6681.52,4971.98,5907.71,4580.5,3426.22,5610.54,5293.31,4166.7,4547.83,5523.34,4214.3,4727.16,4768.54,7121.52,4884.59,6574.87,4923.67,3937.8,6422.93,4846.55,4811.19,5805.68,5271.12,5959.72,4761.8,4679.13,5426.45,5315.06,5069.42,4021.37,6667.41,5089.69,6386.49,4684.33,5674.4,4316.86,5864.27,4925.5,5717.93,5731.2,5867.74,6477.04,4967.59,4495.01,4635.2,6412.95,6041.65,5545.18,5779.47,5214.62,4964.85,6356.79,5019.95,5790.86,4370.72,5757.46,4956.38,5711.96,5458.09
2125,5626.41,4241.47,4591.04,7405.89,5081.94,5248.71,6879.79,6216.27,4747.35,5615.27,5164.39,5302.87,5646.57,5271.13,3928.12,6226.3,5595.59,5510.64,6390.26,6385.67,5760.03,5690.91,5103.98,4818.27,5094.72,5919.36,4555.43,5070.99,4561.44,5508.04,4658.69,5034.03,4174.37,4836.49,4633.56,5883.77,5332.78,5559.74,4688.74,4383.28,5241.88,6692.67,4973.53,5911.52,4586.52,3426.73,5614.09,5300.28,4172.96,4553.73,5526.93,4216.78,4732.04,4775.62,7124.52,4886.14,6585.71,4931.88,3943.35,6430.55,4850.92,4818.46,5808.15,5277.77,5961.39,4768.72,4685.75,5433.37,5322.84,5072.48,4026.18,6684.87,5093.72,6390.23,4690.41,5682.22,4322.38,5873.39,4932.93,5726.3,5733.45,5873.38,6481.23,4974.87,4501.6,4640.46,6420.54,6050.92,5553.7,5782.64,5219.34,4970.04,6366.8,5024.17,5792.51,4375.83,5766.19,4959.78,5719.37,5466.31
2150,5635.08,4247.09,4597.69,7446.29,5088.5,5253.68,6881.38,6219.4,4753.86,5622.46,5171.96,5304.31,5655.15,5279.01,3933.05,6229.82,5603.28,5513.71,6399.54,6386.51,5762.38,5698.59,5114.7,4825.47,5102.02,5928.14,4562.26,5078.14,4566.4,5510.42,4662.17,5040.21,4179.62,4840.04,4639.23,5892.88,5334.24,5567.64,4689.44,4389.28,5248.32,6703.82,4975.07,5914.3,4592.54,3427.23,5617.64,5307.24,4178.22,4559.64,5530.52,4219.25,4736.91,4782.7,7127.51,4887.69,6596.54,4940.09,3948.89,6438.16,4855.28,4825.73,5810.61,5284.41,5963.05,4775.64,4692.37,5440.28,5330.61,5073.79,4031,6702.33,5097.76,6393.98,4696.49,5690.05,4327.91,5881.43,4940.36,5734.68,5735.7,5879.01,6485.41,4982.15,4508.2,4645.72,6428.13,6060.19,5562.22,5785.8,5221.44,4975.24,6376.81,5028.4,5794.16,4376.41,5774.93,4963.18,5726.79,5474.52
2175,5643.75,4252.7,4604.34,7486.66,5095.05,5258.64,6882.96,6222.54,4760.37,5629.64,5179.53,5305.76,5663.72,5286.89,3937.98,6233.33,5610.97,5516.78,6408.82,6387.35,5764.73,5706.27,5125.41,4832.66,5109.31,5936.93,4569.08,5085.3,4571.37,5512.8,4665.64,5046.38,4184.86,4843.59,4644.89,5901.99,5335.71,5575.53,4690.14,4394.43,5254.77,6714.97,4976.61,5917.08,4598.56,3427.74,5621.19,5314.2,4183.35,4565.54,5534.11,4221.73,4741.79,4789.78,7130.51,4889.24,6607.38,4948.29,3954.43,6445.77,4859.65,4833,5813.08,5291.06,5964.72,4782.56,4698.99,5447.2,5338.38,5075.1,4035.81,6719.78,5101.79,6397.72,4702.56,5697.88,4333.43,5886.86,4947.39,5743.05,5737.94,5884.65,6489.6,4989.44,4514.79,4650.98,6435.71,6069.46,5570.74,5788.97,5223.54,4980.43,6381.01,5032.62,5795.82,4376.98,5783.66,4966.58,5734.2,5482.73
2200,5652.43,4258.31,4611,7523.56,5101.6,5263.61,6884.55,6225.67,4766.89,5636.82,5187.11,5307.21,5672.3,5294.77,3942.91,6236.84,5618.66,5519.85,6418.1,6388.18,5767.08,5713.95,5136.12,4839.86,5116.61,5945.71,4575.91,5092.45,4576.34,5515.18,4669.12,5052.55,4190.11,4847.13,4650.56,5909.92,5337.17,5583.43,4690.84,4399.58,5261.22,6726.11,4978.15,5919.87,4604.59,3428.25,5624.74,5321.17,4188.49,4571.44,5537.7,4224.21,4746.66,4796.86,7133.51,4890.79,6618.22,4956.5,3956.99,6453.38,4864.01,4838.82,5815.55,5297.7,5966.38,4789.48,4705.62,5454.11,5346.16,5076.41,4040.62,6737.24,5105.82,6401.46,4708.64,5705.71,4338.96,5892.29,4953.32,5751.42,5740.19,5890.28,6493.79,4996.72,4520.26,4656.24,6443.3,6072.91,5578.82,5792.13,5225.64,4985.63,6385.02,5036.84,5797.47,4377.56,5792.4,4969.98,5741.62,5490.83
2225,5660.73,4263.93,4617.65,7560.47,5108.16,5268.57,6886.14,6228.81,4773.4,5644,5194.68,5308.65,5675.7,5299.3,3947.84,6240.36,5626.36,5522.93,6427.39,6389.02,5769.43,5721.63,5144.11,4842.71,5123.9,5954.49,4576.62,5099.6,4581.3,5517.56,4672.6,5058.72,4195.36,4849.24,4656.22,5917.39,5338.64,5591.32,4691.54,4404.73,5267.66,6737.26,4979.7,5922.65,4610.61,3428.75,5628.28,5328.13,4193.63,4577.34,5541.28,4226.69,4751.54,4800.65,7136.5,4892.34,6629.06,4964.71,3957.49,6460.99,4868.38,4840.86,5818.02,5304.34,5968.05,4796.31,4712.24,5461.03,5353.93,5077.71,4045.44,6754.7,5109.86,6405.21,4714.71,5713.54,4344.48,5897.71,4959.25,5752.61,5742.44,5895.91,6497.97,5003.84,4525.6,4661.5,6450.89,6075.56,5585.75,5795.3,5227.74,4990.82,6389.04,5041.06,5799.12,4378.14,5800.14,4973.39,5749.03,5492.23
2250,5661.89,4269.54,4620.34,7597.38,5114.71,5273.54,6887.72,6231.94,4779.91,5651.18,5202.26,5310.1,5676.97,5302.99,3952.76,6243.87,5634.05,5526,6436.67,6389.86,5771.78,5729.32,5149.9,4843.39,5131.03,5959.79,4577.3,5106.76,4586.27,5519.94,4676.07,5064.9,4200.6,4849.73,4661.89,5924.85,5340.11,5599.22,4692.24,4409.88,5274.11,6746.4,4981.24,5925.43,4616.63,3429.26,5631.83,5335.09,4198.76,4583.24,5544.87,4229.17,4756.41,4802.7,7139.5,4893.89,6639.9,4970.68,3957.99,6468.6,4872.74,4842.9,5820.49,5310.99,5969.71,4801.96,4718.86,5467.94,5356.41,5079.02,4050.25,6772.16,5113.89,6408.95,4720.79,5721.36,4350.01,5903.14,4965.18,5753.28,5744.69,5901.55,6502.16,5004.84,4530.94,4666.75,6458.47,6078.2,5592.68,5798.46,5229.85,4996.02,6393.06,5045.29,5800.78,4378.71,5806.31,4976.79,5756.45,5493.63
2275,5663.06,4275.16,4622.48,7634.29,5121.26,5278.5,6889.31,6235.08,4786.42,5658.37,5205.09,5311.54,5678.23,5306.67,3957.69,6247.38,5641.74,5529.07,6438.04,6390.7,5774.13,5737,5155.7,4844.08,5137,5960.66,4577.98,5111.96,4591.24,5522.32,4679.55,5071.07,4205.85,4850.22,4667.55,5932.32,5341.57,5607.11,4692.94,4415.02,5280.33,6749.96,4982.78,5928.22,4619.16,3429.76,5635.38,5338.44,4203.9,4589.14,5548.46,4231.64,4761.29,4804.74,7142.5,4895.44,6650.74,4976.4,3958.49,6476.21,4877.11,4844.94,5822.95,5317.63,5971.38,4807.6,4725.48,5474.86,5358.71,5080.33,4055.07,6789.61,5117.93,6412.69,4726.86,5729.19,4355.54,5908.57,4971.1,5753.95,5746.94,5907.18,6506.35,5005.83,4536.28,4672.01,6466.06,6080.85,5599.61,5801.62,5231.95,5001.21,6397.07,5049.51,5802.43,4379.29,5812.49,4980.19,5763.86,5495.02
2300,5664.22,4280.77,4624.62,7671.19,5127.81,5283.47,6890.9,6238.21,4792.94,5665.55,5206.79,5312.99,5679.5,5310.36,3962.62,6250.89,5649.43,5532.14,6439.19,6391.54,5776.48,5740.09,5161.5,4844.76,5142.96,5961.53,4578.65,5114.64,4596.2,5524.71,4683.02,5077.24,4211.1,4850.71,4673.22,5939.79,5343.04,5615.01,4693.64,4420.17,5281.01,6753.52,4984.33,5931,4619.73,3430.27,5638.93,5339.08,4209.03,4595.05,5552.05,4234.12,4766.17,4806.78,7145.49,4896.99,6661.57,4982.11,3958.99,6483.82,4881.48,4846.98,5825.42,5324.27,5973.04,4813.25,4731.55,5481.77,5361.01,5081.63,4059.88,6799.96,5121.96,6416.43,4732.94,5737.02,4361.06,5913.99,4977.03,5754.62,5749.19,5912.82,6510.53,5006.83,4541.62,4677.27,6473.65,6083.49,5606.53,5804.79,5234.05,5006.41,6401.09,5053.73,5804.08,4379.87,5818.66,4983.59,5771.28,5496.42
2325,5665.39,4286.39,4626.75,7708.1,5134.37,5288.43,6892.48,6241.35,4798.92,5672.73,5208.49,5314.43,5680.76,5314.04,3967.55,6254.41,5657.12,5535.21,6440.34,6392.37,5778.83,5740.74,5167.3,4845.44,5148.93,5962.39,4579.33,5117.32,4601.17,5527.09,4686.5,5083.41,4216.35,4851.2,4678.88,5947.25,5344.5,5622.9,4694.34,4425.32,5281.68,6757.09,4985.87,5933.79,4620.3,3430.77,5642.48,5339.73,4214.17,4600.95,5555.64,4236.6,4771.04,4808.82,7148.49,4898.54,6669.87,4987.83,3959.49,6491.43,4885.84,4849.01,5827.89,5330.92,5974.71,4818.89,4737.18,5488.69,5363.31,5082.94,4064.7,6808.64,5125.99,6420.18,4739.01,5744.85,4366.59,5919.42,4982.96,5755.29,5751.43,5918.45,6514.72,5007.82,4546.95,4682.53,6481.23,6086.14,5613.46,5807.95,5236.15,5011.6,6405.1,5057.96,5805.74,4380.44,5824.84,4986.99,5778.69,5497.82
2350,5666.55,4290.98,4628.89,7743.42,5140.92,5293.4,6894.07,6244.48,4804.22,5679.91,5210.19,5315.88,5682.03,5317.72,3972.48,6257.92,5664.81,5538.28,6441.48,6393.21,5781.18,5741.4,5173.09,4846.12,5154.89,5963.26,4580.01,5120,4606.14,5529.47,4689.98,5089.59,4221.59,4851.69,4684.55,5954.72,5345.97,5630.8,4695.04,4430.47,5282.36,6760.65,4987.41,5936.57,4620.88,3431.28,5646.03,5340.37,4219.3,4606.85,5559.22,4239.08,4775.92,4810.86,7151.49,4900.09,6677.92,4993.55,3959.99,6498.73,4890.21,4851.05,5830.36,5337.56,5976.37,4824.53,4742.81,5495.6,5365.61,5084.25,4069.51,6817.33,5130.03,6423.92,4745.09,5752.67,4372.11,5924.85,4988.89,5755.96,5753.68,5924.09,6518.91,5008.82,4552.29,4687.79,6488.82,6088.78,5620.39,5811.12,5238.25,5016.8,6409.12,5062.18,5807.39,4381.02,5831.01,4990.4,5786.11,5499.22
2375,5667.72,4295.54,4631.03,7777.11,5147.47,5298.36,6895.66,6247.62,4809.52,5687.09,5211.89,5317.33,5683.29,5321.41,3977.41,6261.43,5672.5,5541.35,6442.63,6394.05,5783.53,5742.06,5178.89,4846.8,5160.86,5964.13,4580.69,5122.67,4611.1,5531.85,4693.45,5095.76,4226.84,4852.18,4690.21,5962.19,5347.44,5632.98,4695.75,4435.62,5283.03,6764.22,4988.96,5939.35,4621.45,3431.78,5649.58,5341.01,4224.44,4612.75,5562.81,4241.55,4780.79,4812.91,7154.48,4901.64,6685.96,4999.27,3960.49,6499.47,4894.57,4853.09,5832.83,5344.2,5978.04,4830.18,4748.44,5502.52,5367.91,5085.56,4074.32,6826.01,5134.06,6427.66,4751.16,5758.76,4377.64,5930.27,4994.82,5756.63,5755.93,5929.72,6523.09,5009.81,4557.63,4693.05,6496.41,6091.43,5627.32,5814.28,5240.35,5021.99,6413.13,5065.51,5809.04,4381.59,5837.19,4993.8,5793.52,5500.61
2400,5668.88,4300.09,4633.17,7810.81,5154.03,5303.33,6897.24,6250.75,4814.83,5688.42,5213.59,5318.77,5684.55,5325.09,3982.34,6264.95,5678.29,5544.42,6443.78,6394.89,5785.88,5742.72,5184.69,4847.48,5166.82,5964.99,4581.37,5125.35,4616.07,5534.23,4696.93,5101.93,4232.09,4852.67,4695.88,5969.65,5348.9,5634.6,4696.45,4440.77,5283.71,6767.78,4990.5,5942.14,4622.02,3432.29,5653.12,5341.66,4229.58,4618.65,5566.4,4244.03,4785.67,4814.95,7157.48,4903.19,6694,5004.98,3960.98,6500.2,4898.94,4855.13,5835.3,5350.85,5979.7,4835.82,4754.07,5509.43,5370.21,5086.86,4079.14,6834.69,5138.1,6431.41,4755.61,5759.59,4382.26,5935.7,5000.74,5757.3,5758.18,5935.35,6527.28,5010.81,4562.97,4698.31,6503.99,6094.07,5634.24,5817.45,5242.45,5027.19,6417.15,5066.05,5810.7,4382.17,5843.36,4997.2,5800.94,5502.01
2425,5670.05,4304.65,4635.31,7844.51,5160.58,5308.3,6898.83,6253.89,4820.13,5689.05,5215.3,5320.22,5685.82,5328.77,3987.24,6268.46,5680.31,5547.49,6444.92,6395.72,5788.23,5743.38,5190.49,4848.16,5172.79,5965.86,4582.05,5128.03,4621.04,5536.61,4700.4,5108.11,4237.33,4853.15,4701.54,5977.12,5350.37,5636.21,4697.15,4445.92,5284.38,6771.35,4992.04,5944.92,4622.59,3432.8,5656.67,5342.3,4234.71,4623.79,5569.99,4246.51,4790.54,4816.99,7160.48,4904.74,6702.04,5010.7,3961.48,6500.94,4903.3,4857.17,5837.76,5357.49,5981.37,4841.47,4759.7,5516.35,5372.51,5088.17,4083.95,6843.37,5142.13,6435.15,4758.95,5760.42,4385.94,5941.13,5006.67,5757.97,5760.43,5940.99,6531.47,5011.81,4568.31,4703.56,6511.58,6096.72,5641.17,5820.61,5244.56,5032.38,6421.17,5066.58,5812.35,4382.75,5849.54,5000.6,5808.35,5503.41
2450,5671.21,4309.2,4637.45,7878.2,5167.13,5313.26,6900.42,6257.02,4825.43,5689.68,5217,5321.66,5687.08,5332.46,3991.28,6271.97,5682.33,5550.56,6446.07,6396.56,5790.58,5744.03,5196.28,4848.85,5178.75,5966.72,4582.73,5130.7,4626,5538.99,4703.88,5114.28,4242.58,4853.64,4707.21,5984.58,5351.83,5637.83,4697.85,4451.07,5285.05,6774.91,4993.59,5947.71,4623.17,3433.3,5660.22,5342.95,4239.85,4625.52,5573.57,4248.99,4795.42,4819.03,7163.47,4906.29,6710.08,5016.42,3961.98,6501.68,4907.67,4859.2,5840.23,5364.14,5983.03,4847.11,4765.33,5523.26,5374.81,5089.48,4088.77,6852.05,5146.16,6438.89,4762.29,5761.25,4389.62,5946.56,5012.6,5758.64,5762.67,5946.62,6535.65,5012.8,4573.65,4708.82,6519.17,6099.36,5648.1,5823.78,5246.66,5037.58,6425.18,5067.12,5814,4383.32,5855.71,5004.01,5815.77,5504.8
2475,5672.37,4313.76,4639.58,7911.9,5173.64,5318.23,6902,6260.16,4830.73,5690.31,5218.7,5323.11,5688.35,5336.14,3995.31,6275.49,5684.35,5553.63,6447.22,6397.4,5792.93,5744.69,5202.08,4849.53,5184.72,5967.59,4583.41,5133.38,4630.97,5541.37,4705.82,5120.45,4243.99,4854.13,4712.87,5992.05,5353.3,5639.44,4698.55,4456.22,5285.73,6778.47,4995.13,5950.49,4623.74,3433.81,5663.77,5343.59,4244.98,4627.25,5577.16,4251.47,4800.3,4821.07,7166.47,4907.84,6718.13,5022.13,3962.48,6502.41,4912.03,4861.24,5842.7,5370.78,5984.7,4852.76,4770.96,5528.05,5377.11,5090.78,4093.58,6860.73,5149.69,6442.64,4765.63,5762.08,4393.3,5951.98,5018.53,5759.31,5764.92,5952.26,6539.84,5013.8,4578.99,4714.08,6521.47,6102.01,5655.03,5826.94,5248.76,5042.77,6429.2,5067.66,5815.65,4383.9,5861.88,5007.41,5823.18,5506.2
2500,5673.54,4318.31,4641.72,7945.59,5174.59,5323.19,6903.59,6263.29,4836.03,5690.95,5220.4,5324.55,5689.61,5339.83,3999.34,6279,5686.37,5556.71,6448.36,6398.24,5795.28,5745.35,5207.88,4850.21,5190.69,5968.46,4584.09,5136.06,4634.69,5543.76,4706.32,5126.62,4244.9,4854.62,4718.54,5999.52,5354.77,5641.06,4699.25,4461.37,5286.4,6782.04,4996.67,5953.27,4624.31,3434.31,5667.32,5344.24,4250.12,4628.98,5580.75,4253.94,4805.17,4823.12,7169.46,4909.39,6726.17,5027.85,3962.98,6503.15,4916.4,4863.28,5845.17,5376.75,5986.36,4858.4,4776.59,5530.62,5379.41,5092.09,4098.08,6869.41,5150.2,6446.38,4768.98,5762.91,4396.97,5957.41,5024.46,5759.98,5767.17,5957.89,6544.03,5014.79,4584.33,4715.85,6522.13,6104.65,5661.95,5830.11,5250.86,5047.97,6433.21,5068.2,5817.31,4384.48,5868.06,5010.81,5830.6,5507.6
